"id","title","year","cites","venue","inst","atHome","inCv","doiInCv","authors","overlap","verdict"
"W2770676323","Mass Spectrometry Imaging: A Review of Emerging Advancements and Future Insights","2017","1053","Analytical Chemistry","University of Wisconsin–Madison","True","True","True","Amanda R. Buchberger; Kellen DeLaney; Jillian Johnson","3","keep"
"W134095429","Immunobiochemical and molecular biologic characterization of the cell proliferation-associated nuclear antigen that is defined by monoclonal antibody Ki-67.","1991","899","PubMed","","False","False","False","Johannes Gerdes; Carol J. Schlueter; M. Duchrow; Claudia Wohlenberg; Christiane Gerlach; Ingrid Stahmer; Sabine Kloth; E. Brandt; H D Flad","0","drop"
"W2766710101","PKM2 methylation by CARM1 activates aerobic glycolysis to promote tumorigenesis","2017","316","Nature Cell Biology","University of Wisconsin–Madison; Tianjin University","True","True","True","Fabao Liu; Fengfei Ma; Yuyuan Wang; Ling Hao; Hao Zeng; Chenxi Jia; Yidan Wang; Peng Liu; Irene M. Ong; Baobin Li; Guojun Chen; Jiaoyang Jiang; Shaoqin Gong; Wei Xu","14","keep"
"W2072256038","Exploiting the Reversibility of Natural Product Glycosyltransferase-Catalyzed Reactions","2006","290","Science","University of Wisconsin–Madison","True","False","False","Changsheng Zhang; Byron R. Griffith; Qiang Fu; Christoph Albermann; Xun Fu; In‐Kyoung Lee; Jon S. Thorson","4","keep"
"W2839646944","Extracellular matrix scaffold and hydrogel derived from decellularized and delipidized human pancreas","2018","268","Scientific Reports","University of Wisconsin System; University of Wisconsin–Madison","True","True","True","Sara Dutton Sackett; Daniel M. Tremmel; Fengfei Ma; Austin K. Feeney; Rachel M. Maguire; Matthew E. Brown; Ying Zhou; Xiang Li; Cori O’Brien; William J. Burlingham; Jon S. Odorico","11","keep"
"W2075056982","Single-cell MALDI: a new tool for direct peptide profiling","2000","250","Trends in biotechnology","University of Illinois Urbana-Champaign","True","True","False","Rebecca W. Garden; Jonathan V. Sweedler; Jonathan V. Sweedler","3","keep"
"W2736206659","Electron-Transfer/Higher-Energy Collision Dissociation (EThcD)-Enabled Intact Glycopeptide/Glycoproteome Characterization","2017","213","Journal of the American Society for Mass Spectrometry","University of Wisconsin–Madison","True","True","True","Qing Yu; Bowen Wang; Zhengwei Chen; Go Urabe; Matthew S. Glover; Xudong Shi; Lian‐Wang Guo; K. Craig Kent","8","keep"
"W2168434032","<i>N</i>,<i>N</i>-Dimethyl Leucines as Novel Isobaric Tandem Mass Tags for Quantitative Proteomics and Peptidomics","2010","202","Analytical Chemistry","University of Wisconsin–Madison","True","True","True","Feng Xiang; Hui Ye; Ruibing Chen; Qiang Fu","4","keep"
"W2907911959","Identification of Double Bond Position Isomers in Unsaturated Lipids by <i>m</i>-CPBA Epoxidation and Mass Spectrometry Fragmentation","2019","189","Analytical Chemistry","University of Wisconsin–Madison","True","True","False","Feng Yu; Bingming Chen; Qinying Yu","3","keep"
"W2328610864","Optimization and Comparison of Multiple MALDI Matrix Application Methods for Small Molecule Mass Spectrometric Imaging","2014","180","Analytical Chemistry","University of Wisconsin–Madison","True","True","True","Erin Gemperline; Stephanie Rawson","2","keep"
"W2735594703","Quantitative proteomics reveals that long non-coding RNA MALAT1 interacts with DBC1 to regulate p53 acetylation","2017","179","Nucleic Acids Research","University of Wisconsin–Madison; Tianjin University","True","True","True","Ruibing Chen; Yun Liu; Hao Zhuang; Baicai Yang; Kaiwen Hei; Mingming Xiao; Chunyu Hou; Huajun Gao; Xinran Zhang; Chenxi Jia; Yongmei Li; Ning Zhang","12","keep"
"W2329888557","Natural-like Replication of an Unnatural Base Pair for the Expansion of the Genetic Alphabet and Biotechnology Applications","2013","169","Journal of the American Chemical Society","Scripps Research Institute","False","False","False","Mélissa Degardin; Thomas Lavergne; Denis A. Malyshev; Kirandeep Dhami; Phillip Ordoukhanian; Floyd E. Romesberg","0","drop"
"W2223493846","Generation of serotonin neurons from human pluripotent stem cells","2015","167","Nature Biotechnology","University of Wisconsin–Madison","True","True","True","Jianfeng Lü; Xuefei Zhong; Huisheng Liu; Ling Hao; Cindy Huang; Mohammad Amin Sherafat; Jeffrey R. Jones; Melvin Ayala; Su‐Chun Zhang","9","keep"
"W4400733483","Mass spectrometry imaging for spatially resolved multi-omics molecular mapping","2024","150","npj Imaging","University of Wisconsin System; University of Wisconsin–Madison; Wisconsin Institutes for Discovery","True","False","False","Hua Zhang; K. Lu; Malik Ebbini; Penghsuan Huang; Haiyan Lu","5","keep"
"W2335247296","High-Resolution Enabled 12-Plex DiLeu Isobaric Tags for Quantitative Proteomics","2014","149","Analytical Chemistry","University of Wisconsin–Madison; Highland Community College - Illinois","True","True","True","Dustin C. Frost; Tyler Greer","2","keep"
"W4400831198","Lysine l-lactylation is the dominant lactylation isomer induced by glycolysis","2024","149","Nature Chemical Biology","University of Wisconsin–Madison","True","False","False","Di Zhang; Jinjun Gao; Zhijun Zhu; Qian‐Ying Mao; Zhiqiang Xu; Pankaj Kumar Singh; Cornelius Rimayi; Carlos Moreno–Yruela; Shuling Xu; Gongyu Li; Yi-Cheng Sin; Yue Chen; Christian A. Olsen; Nathaniel W. Snyder; Lunzhi Dai; Yingming Zhao","3","keep"
"W2216480156","Biomarker discovery in mass spectrometry‐based urinary proteomics","2015","141","PROTEOMICS - CLINICAL APPLICATIONS","University of Wisconsin–Madison","True","True","True","Samuel Thomas; Ling Hao; William A. Ricke","3","keep"
"W2115673413","Peptides in the Brain: Mass Spectrometry–Based Measurement Approaches and Challenges","2008","139","Annual Review of Analytical Chemistry","University of Wisconsin–Madison","True","False","False","Jonathan V. Sweedler","1","keep"
"W2079559671","Mass spectrometry imaging for drugs and metabolites","2011","132","Journal of Proteomics","University of Wisconsin–Madison","True","True","False","Tyler Greer; Robert M. Sturm","2","keep"
"W2011533351","Characterization of the Carcinus maenas neuropeptidome by mass spectrometry and functional genomics","2009","131","General and Comparative Endocrinology","University of Wisconsin–Madison; Highland Community College - Illinois","True","True","False","Mingming Ma; Eleanor K. Bors; Evelyn S. Dickinson; Molly A. Kwiatkowski; Gregory L. Sousa; Raymond P. Henry; Christine M. Smith; David W. Towle; Andrew E. Christie","9","keep"
"W2126144602","<scp>MALDI</scp> mass spectrometry‐assisted molecular imaging of metabolites during nitrogen fixation in the <i><scp>M</scp>edicago truncatula</i>–<i><scp>S</scp>inorhizobium meliloti</i> symbiosis","2013","131","The Plant Journal","University of Wisconsin–Madison","True","False","True","Hui Ye; Erin Gemperline; Muthusubramanian Venkateshwaran; Ruibing Chen; Pierre‐Marc Delaux; Maegen Howes‐Podoll; Jean‐Michel Ané","7","keep"
"W2010803299","Three dimensional mapping of neuropeptides and lipids in crustacean brain by mass spectral imaging","2009","125","Journal of the American Society for Mass Spectrometry","University of Wisconsin–Madison","True","True","False","Ruibing Chen; Limei Hui; Robert M. Sturm","3","keep"
"W2768056310","Coculture of Marine Invertebrate-Associated Bacteria and Interdisciplinary Technologies Enable Biosynthesis and Discovery of a New Antibiotic, Keyicin","2017","123","ACS Chemical Biology","University of Wisconsin–Madison","True","True","True","Navid Adnani; Marc G. Chevrette; Srikar Adibhatla; Fan Zhang; Qing Yu; Doug R. Braun; Justin Nelson; Scott W. Simpkins; Bradon R. McDonald; Chad L. Myers; Jeff S. Piotrowski; Christopher J. Thompson; Cameron R. Currie; Scott R. Rajski; Tim S. Bugni","15","keep"
"W4361268339","Peptidomics","2023","122","Nature Reviews Methods Primers","University of Wisconsin–Madison","True","False","False","Roland Hellinger; Arnar Sigurdsson; Wenxin Wu; Elena V. Romanova; Jonathan V. Sweedler; Roderich D. Süßmuth; Christian W. Gruber","3","keep"
"W2084292148","Combining in silico transcriptome mining and biological mass spectrometry for neuropeptide discovery in the Pacific white shrimp Litopenaeus vannamei","2009","120","Peptides","University of Wisconsin–Madison; Highland Community College - Illinois","True","True","False","Mingming Ma; Ashley L. Gard; Feng Xiang; Junhua Wang; Naveed Davoodian; Petra H. Lenz; Spencer R. Malecha; Andrew E. Christie","8","keep"
"W1969960855","Identification of putative crustacean neuropeptides using in silico analyses of publicly accessible expressed sequence tags","2008","119","General and Comparative Endocrinology","University of Wisconsin–Madison; Highland Community College - Illinois","True","True","False","Andrew E. Christie; Christopher R. Cashman; Henry R. Brennan; Mingming Ma; Gregory L. Sousa; Elizabeth A. Stemmler; Patsy S. Dickinson","7","keep"
"W2028645231","Comparison of Two-Dimensional Fractionation Techniques for Shotgun Proteomics","2008","119","Analytical Chemistry","University of Wisconsin–Madison","True","True","False","James A. Dowell; Dustin C. Frost; Jiang Zhang","3","keep"
"W2082255319","Imaging Mass Spectrometry of Neuropeptides in Decapod Crustacean Neuronal Tissues","2007","117","Journal of Proteome Research","University of Wisconsin–Madison","True","True","False","Stephanie S. DeKeyser; Kimberly K. Kutz‐Naber; Joshua J. Schmidt; Gregory A. Barrett‐Wilt","4","keep"
"W2028438413","Mass spectral characterization of peptide transmitters/hormones in the nervous system and neuroendocrine organs of the American lobster Homarus americanus","2008","114","General and Comparative Endocrinology","University of Wisconsin–Madison; Highland Community College - Illinois","True","True","False","Mingming Ma; Ruibing Chen; Gregory L. Sousa; Eleanor K. Bors; Molly A. Kwiatkowski; Christopher C. Goiney; Michael F. Goy; Andrew E. Christie","8","keep"
"W2333867588","Site-Specific Characterization of <scp>d</scp>-Amino Acid Containing Peptide Epimers by Ion Mobility Spectrometry","2013","112","Analytical Chemistry","University of Wisconsin–Madison","True","True","True","Chenxi Jia; Christopher B. Lietz; Qing Yu","3","keep"
"W2083942569","Identification of Astrocyte Secreted Proteins with a Combination of Shotgun Proteomics and Bioinformatics","2009","107","Journal of Proteome Research","University of Wisconsin–Madison","True","True","False","James A. Dowell; Jeffrey A. Johnson","2","keep"
"W4286457222","Th17 cells and inflammation in neurological disorders: Possible mechanisms of action","2022","105","Frontiers in Immunology","Soochow University; First Affiliated Hospital of Soochow University","False","False","False","Yajun Shi; Bin Wei; Bin Wang; Miao Sun","1","drop"
"W2086974390","Qualitative and quantitative mass spectrometry imaging of drugs and metabolites","2013","102","Advanced Drug Delivery Reviews","University of Wisconsin–Madison","True","True","True","Christopher B. Lietz; Erin Gemperline","2","keep"
"W4386163297","Single-cell lipidomics enabled by dual-polarity ionization and ion mobility-mass spectrometry imaging","2023","99","Nature Communications","University of Wisconsin System; University of Wisconsin–Madison; Wisconsin Institutes for Discovery","True","True","False","Hua Zhang; Yuan Liu; Lauren Fields; Xudong Shi; Penghsuan Huang; Haiyan Lu; Andrew J. Schneider; Xindi Tang; Luigi Puglielli; Nathan V. Welham","10","keep"
"W3037630880","Recent Advances in Analytical Approaches for Glycan and Glycopeptide Quantitation","2020","90","Molecular & Cellular Proteomics","University of Wisconsin–Madison","True","True","True","Daniel G. Delafield","1","keep"
"W304117529","Capillary Electrophoresis-Electrospray Ionization-Mass Spectrometry for Quantitative Analysis of Glycans Labeled with Multiplex Carbonyl-Reactive Tandem Mass Tags","2015","90","Analytical Chemistry","University of Wisconsin–Madison","True","True","True","Xuefei Zhong; Zhengwei Chen; Sergei I. Snovida; Yan Liu; John Rogers","5","keep"
"W3009985867","Neuropeptides in gut-brain axis and their influence on host immunity and stress","2020","89","Computational and Structural Biotechnology Journal","University of Wisconsin–Madison","True","True","False","Pingli Wei; Caitlin Keller","2","keep"
"W2964956302","Peroxymonosulfate Oxidizes Amino Acids in Water without Activation","2019","88","Environmental Science & Technology","University of Wisconsin–Madison","True","True","False","Mercedes Ruiz; Yi Yang; Christian A. Lochbaum; Daniel G. Delafield; Joseph J. Pignatello; Joel A. Pedersen","6","keep"
"W4323833063","Mass spectrometry imaging: the rise of spatially resolved single-cell omics","2023","88","Nature Methods","University of Wisconsin–Madison","True","True","True","Hua Zhang; Daniel G. Delafield","2","keep"
"W2763024842","Fast and Effective Ion Mobility–Mass Spectrometry Separation of <scp>d</scp>-Amino-Acid-Containing Peptides","2017","87","Analytical Chemistry","University of Wisconsin–Madison","True","True","True","Kévin Jeanne Dit Fouque; Alyssa Garabedian; Jacob Porter; M. J. Baird; Xueqin Pang; Todd D. Williams; Alexandre A. Shvartsburg; Francisco Fernandez‐Lima","8","keep"
"W2897052519","Recent advances in mass spectrometry (MS)-based glycoproteomics in complex biological samples","2018","84","TrAC Trends in Analytical Chemistry","University of Wisconsin–Madison; Tianjin University","True","True","False","Zhengwei Chen; Junfeng Huang","2","keep"
"W2766783676","Recent advances in ion mobility–mass spectrometry for improved structural characterization of glycans and glycoconjugates","2017","81","Current Opinion in Chemical Biology","University of Wisconsin–Madison","True","True","True","Zhengwei Chen; Matthew S. Glover","2","keep"
"W3155210079","In-depth Site-specific Analysis of N-glycoproteome in Human Cerebrospinal Fluid and Glycosylation Landscape Changes in Alzheimer's Disease","2021","80","Molecular & Cellular Proteomics","University of Wisconsin System; University of Wisconsin–Madison","True","True","True","Zhengwei Chen; Qinying Yu; Qing Yu; Jillian Johnson; Richard David Shipman; Xiaofang Zhong; Junfeng Huang; Sanjay Asthana; Cynthia M. Carlsson; Ozioma C. Okonkwo","10","keep"
"W4281633350","Recent advances in isobaric labeling and applications in quantitative proteomics","2022","80","PROTEOMICS","University of Wisconsin–Madison","True","True","True","Michael K. Sivanich; Ting‐Jia Gu; Dylan Nicholas Tabang","3","keep"
"W3198906216","Gold nanoparticles in virus detection: Recent advances and potential considerations for SARS‐CoV‐2 testing development","2021","77","Wiley Interdisciplinary Reviews Nanomedicine and Nanobiotechnology","University of Wisconsin–Madison","True","True","True","Jianxin Wang; Adam J. Drelich; Caroline M. Hopkins; Sandro Mecozzi; Glen S. Kwon; Seungpyo Hong","6","keep"
"W4292939486","High-end ion mobility mass spectrometry: A current review of analytical capacity in omics applications and structural investigations","2022","76","TrAC Trends in Analytical Chemistry","University of Wisconsin–Madison","True","True","False","Daniel G. Delafield; Gaoyuan Lu; Cameron J. Kaminsky","3","keep"
"W3081767089","On-Tissue Derivatization with Girard’s Reagent P Enhances N-Glycan Signals for Formalin-Fixed Paraffin-Embedded Tissue Sections in MALDI Mass Spectrometry Imaging","2020","69","Analytical Chemistry","University of Wisconsin–Madison","True","True","True","Hua Zhang; Xudong Shi; Nhu Q. Vu; Gongyu Li; Zihui Li; Yatao Shi; Miyang Li; Bin Wang; Nathan V. Welham; Manish S. Patankar; Paul Weisman","11","keep"
"W2896305731","Differential Quantitative Determination of Site-Specific Intact <i>N</i>-Glycopeptides in Serum Haptoglobin between Hepatocellular Carcinoma and Cirrhosis Using LC-EThcD-MS/MS","2018","68","Journal of Proteome Research","University of Wisconsin–Madison","True","True","False","Jianhui Zhu; Zhengwei Chen; Jie Zhang; Mingrui An; Jing Wu; Qing Yu; St John Skilton; Marshall Bern; K. Ilker Sen; David M. Lubman","10","keep"
"W3198827504","PKM2‐TMEM33 axis regulates lipid homeostasis in cancer cells by controlling SCAP stability","2021","68","The EMBO Journal","University of Wisconsin–Madison","True","False","False","Fabao Liu; M Ma; Ang Gao; Fengfei Ma; Gui Ma; Peng Liu; Chenxi Jia; Yidan Wang; Kristine Donahue; Shengjie Zhang; Irene M. Ong; Sündüz Keleş; Wei Xu","11","keep"
"W4403233863","Development of folate receptor targeting chimeras for cancer selective degradation of extracellular proteins","2024","68","Nature Communications","University of Wisconsin–Madison","True","False","False","Yaxian Zhou; Chunrong Li; Xuankun Chen; Yuan Zhao; Yaxian Liao; Penghsuan Huang; Wenxin Wu; Nicholas S. Nieto; Weiping Tang","3","keep"
"W2792518984","Site-specific characterization and quantitation of <i>N</i> -glycopeptides in PKM2 knockout breast cancer cells using DiLeu isobaric tags enabled by electron-transfer/higher-energy collision dissociation (EThcD)","2018","66","The Analyst","University of Wisconsin–Madison; Tianjin University; Madison Group (United States)","True","True","False","Zhengwei Chen; Qing Yu; Ling Hao; Fabao Liu; Jillian Johnson; Zichuan Tian; Weiyuan John Kao; Wei Xu","8","keep"
"W4381186164","Integrative metabolomics science in Alzheimer’s disease: Relevance and future perspectives","2023","64","Ageing Research Reviews","University of Wisconsin–Madison","True","True","True","Simone Lista; Raúl González‐Domínguez; Susana López‐Ortiz; Álvaro González‐Domínguez; Héctor Menéndez; Juan Martín‐Hernández; Alejandro Lucía; Enzo Emanuele; Diego Centonze; Bruno P. Imbimbo; Viviana Triaca; Luana Lionetto; Maurizio Simmaco; Miroslava Čuperlović‐Culf; Jericha Mill; Mark Mapstone; Alejandro Santos‐Lozano; Robert Nisticò","18","keep"
"W4391617016","Allosteric modulation and G-protein selectivity of the Ca2+-sensing receptor","2024","64","Nature","University of Wisconsin–Madison","True","False","False","Feng He; Cheng-Guo Wu; Yang Gao; Sabrina N. Rahman; Magda Zaoralová; Makaía M. Papasergi-Scott; Ting‐Jia Gu; Michael J. Robertson; Alpay B. Seven; Jesper Mosolff Mathiesen; Georgios Skiniotis","1","keep"
"W2137853848","Distribution and physiological effects of B‐type allatostatins (myoinhibitory peptides, MIPs) in the stomatogastric nervous system of the crab <i>Cancer borealis</i>","2011","62","The Journal of Comparative Neurology","University of Wisconsin–Madison","True","True","False","T Szabo; Ruibing Chen; Marie L. Goeritz; Ryan Maloney; Lamont S. Tang; Eve Marder","6","keep"
"W3025812695","21-plex DiLeu Isobaric Tags for High-Throughput Quantitative Proteomics","2020","62","Analytical Chemistry","University of Wisconsin–Madison","True","True","False","Dustin C. Frost; Feng Yu","2","keep"
"W3170717656","Dual-Functional Ti(IV)-IMAC Material Enables Simultaneous Enrichment and Separation of Diverse Glycopeptides and Phosphopeptides","2021","59","Analytical Chemistry","University of Wisconsin–Madison","True","True","True","Junfeng Huang; Xiaoyan Liu; Danqing Wang; Yusi Cui; Xudong Shi; Jing Dong; Mingliang Ye","7","keep"
"W3107757056","hiPSC-Derived Cardiac Tissue for Disease Modeling and Drug Discovery","2020","54","International Journal of Molecular Sciences","The University of Osaka","False","False","False","Junjun Li; Ying Hua; Shigeru Miyagawa; Jingbo Zhang; Li Liu; Yoshiki Sawa","0","drop"
"W2984874789","Chloroquine and 3-Methyladenine Attenuates Periodontal Inflammation and Bone Loss in Experimental Periodontitis","2019","52","Inflammation","Nanjing University","False","False","False","Shasha He; Qian Zhou; Binyan Luo; Bin Chen; Fuhua Yan","0","drop"
"W1973757628","Mass spectrometric elucidation of the neuropeptidome of a crustacean neuroendocrine organ","2012","51","Peptides","University of Wisconsin–Madison","True","True","False","Limei Hui; Feng Xiang; Yuzhuo Zhang","3","keep"
"W4394812400","A Tutorial Review of Labeling Methods in Mass Spectrometry-Based Quantitative Proteomics","2024","49","ACS Measurement Science Au","University of Wisconsin–Madison","True","False","False","Zicong Wang; Peng-Kai Liu","2","keep"
"W4399780282","Research progress on pharmacological effects and bioavailability of berberine","2024","47","Naunyn-Schmiedeberg s Archives of Pharmacology","Shandong University of Traditional Chinese Medicine","False","False","False","Yulong Cui; Quanying Zhou; Min Jin; Siqi Jiang; Peizhao Shang; Xiaofan Dong","0","drop"
"W3131210231","Proteome-wide and matrisome-specific alterations during human pancreas development and maturation","2021","46","Nature Communications","University of Wisconsin–Madison","True","True","False","Zihui Li; Daniel M. Tremmel; Fengfei Ma; Qinying Yu; M Ma; Daniel G. Delafield; Yatao Shi; Bin Wang; Samantha A. Mitchell; Austin K. Feeney; Vansh Jain; Sara Dutton Sackett; Jon S. Odorico","13","keep"
"W4298140870","Hypothyroidism has a protective causal association with hepatocellular carcinoma: A two-sample Mendelian randomization study","2022","40","Frontiers in Endocrinology","Soochow University; First Affiliated Hospital of Soochow University","False","False","False","Likui Lu; Bangbei Wan; Miao Sun","0","drop"
"W4409681913","TEMI: tissue-expansion mass-spectrometry imaging","2025","40","Nature Methods","University of Wisconsin–Madison","True","False","False","Hua Zhang; Lang Ding; Amy Hu; Xudong Shi; Penghsuan Huang; Haiyan Lu; Paul W. Tillberg; Meng C. Wang","4","keep"
"W3109347020","A 4-gene signature predicts prognosis of uterine serous carcinoma","2021","33","BMC Cancer","Third Affiliated Hospital of Guangzhou Medical University; Guangzhou Medical University","False","False","False","Hui Chen; Ping Qin; Hanzhen Xiong; Ruichao Chen; Minfen Zhang; Qingping Jiang","0","drop"
"W4400950396","Spatially and temporally probing distinctive glycerophospholipid alterations in Alzheimer’s disease mouse brain via high-resolution ion mobility-enabled sn-position resolved lipidomics","2024","26","Nature Communications","University of Wisconsin System; University of Wisconsin–Madison; Wisconsin Institutes for Discovery","True","True","False","Shuling Xu; Zhijun Zhu; Daniel G. Delafield; Michael J. Rigby; Gaoyuan Lu; Megan M. Braun; Luigi Puglielli","7","keep"
"W4402693124","Mass Spectrometry Structural Proteomics Enabled by Limited Proteolysis and Cross‐Linking","2024","21","Mass Spectrometry Reviews","University of Wisconsin–Madison","True","False","False","Haiyan Lu; Zexin Zhu; Lauren Fields; Hua Zhang","4","keep"
"W4379600142","SCG10 is required for peripheral axon maintenance and regeneration in mice","2023","20","Journal of Cell Science","Peking University","False","False","False","Yuanjun Li; Yonglu Tian; Xiayuhe Pei; Pengli Zheng; Linqing Miao; Chunxiong Luo; Peixun Zhang; Baoguo Jiang; Junlin Teng; Ning Huang; Jianguo Chen","0","drop"
"W4401809317","Trends of peroxyacetyl nitrate and its impact on ozone over 2018–2022 in urban atmosphere","2024","20","npj Climate and Atmospheric Science","Chinese Academy of Sciences; Institute of Urban Environment; University of Chinese Academy of Sciences","False","False","False","Ziyi Lin; Lingling Xu; Chen Yang; Gaojie Chen; Xiaoting Ji; Keran Zhang; Youwei Hong; Mengren Li; Xiaolong Fan; Baoye Hu; Fuwang Zhang; Jinsheng Chen","0","drop"
"W4404656901","Recent Advances in Labeling‐Based Quantitative Glycomics: From High‐Throughput Quantification to Structural Elucidation","2024","19","PROTEOMICS","University of Wisconsin System; University of Wisconsin–Madison; Wisconsin Institutes for Discovery","True","False","False","Zicong Wang; Jingwei Zhang","1","keep"
"W4408745647","A meta‐analysis of adverse offspring health outcomes in patients with gestational diabetes mellitus","2025","19","Diabetes Obesity and Metabolism","Soochow University; First Affiliated Hospital of Soochow University","False","False","False","Jiewen Guan; Junlan Qiu; Mengyu Fu; Meihua Zhang; Yanting Wu; Ying Xu; Hongmei Ding; Qinqin Gao","1","drop"
"W4410076085","Delineation of Subcellular Molecular Heterogeneity in Single Cells via Ultralow-Flow-Rate Desorption Electrospray Ionization Mass Spectrometry Imaging","2025","19","Analytical Chemistry","University of Wisconsin–Madison","True","False","False","Hua Zhang; Xudong Shi; Haiyan Lu","3","keep"
"W4396669726","Construction of dentin-on-a-chip based on microfluidic technology and tissue engineering","2024","18","Journal of Dentistry","Wenzhou University; University of Chinese Academy of Sciences","False","False","False","Hexuan Zhang; Shujing Wang; Xiaoqiang Sun; Chunxiong Luo; Benxiang Hou","0","drop"
"W4406334328","Rapid discovery of cyclic peptide protein aggregation inhibitors by continuous selection","2025","14","Nature Chemical Biology","University of Wisconsin–Madison","True","False","False","Linwei Yang; Jingwei Zhang; James S. Andon; Tina Wang","0","keep"
"W4409668465","Decoding Neuropeptide Complexity: Advancing Neurobiological Insights from Invertebrates to Vertebrates through Evolutionary Perspectives","2025","13","ACS Chemical Neuroscience","University of Wisconsin–Madison; NanoBio (United States)","True","False","False","Lauren Fields; Tina C. Dang; Vu Ngoc Huong Tran; Angel Erbey Ibarra","2","keep"
"W4410845564","Recent Advances in Mass Spectrometry-Based Studies of Post-Translational Modifications in Alzheimer’s Disease","2025","9","Molecular & Cellular Proteomics","University of Wisconsin–Madison","True","True","False","Feixuan Wu; Xing Li; Haiyan Lu","3","keep"
"W2078492636","High-Throughput Proteomics Using High-Efficiency Multiple-Capillary Liquid Chromatography with On-Line High-Performance ESI FTICR Mass Spectrometry","2001","169","Analytical Chemistry","Pacific Northwest National Laboratory; Environmental Molecular Sciences Laboratory","False","True","False","Yufeng Shen; Nikola Tolić; Rui Zhao; Ljiljana Paša‐Tolić; Scott J. Berger; Richard Harkewicz; Gordon Anderson; Mikhail E. Belov; Richard Smith","9","keep"
"W1535431354","Mass spectrometric investigation of the neuropeptide complement and release in the pericardial organs of the crab, <i>Cancer borealis</i>","2003","143","Journal of Neurochemistry","University of Wisconsin–Madison; University of Illinois Urbana-Champaign; Brandeis University","True","True","False","Wayne P. Kelley; Cyrus P. Billimoria; Andrew E. Christie; Stefan R. Pulver; Jonathan V. Sweedler; Eve Marder","6","keep"
"W2056877196","Hormone complement of the <i>Cancer productus</i> sinus gland and pericardial organ: An anatomical and mass spectrometric investigation","2005","135","The Journal of Comparative Neurology","University of Wisconsin–Madison","True","True","False","Qiang Fu; Kimberly K. Kutz; Joshua J. Schmidt; Yun‐Wei A. Hsu; Daniel I. Messinger; Shaun D. Cain; Horacio O. de la Iglesia; Andrew E. Christie","8","keep"
"W4293528096","Insulin Prohormone Processing, Distribution, and Relation to Metabolism in<i>Aplysia californica</i>","1999","117","Journal of Neuroscience","University of Illinois Urbana-Champaign","True","True","False","Philip D. Floyd; Stanislav S. Rubakhin; Jonathan V. Sweedler; Charles C. Horn; Irving Kupfermann; Vera Alexeeva; Timothy A. Ellis; Nikolai Dembrow; Klaudiusz R. Weiss; Ferdinand S. Vilim","10","keep"
"W2039710099","Orcokinin peptides in developing and adult crustacean stomatogastric nervous systems and pericardial organs","2002","99","The Journal of Comparative Neurology","University of Illinois Urbana-Champaign; University of Illinois System; Brandeis University","True","True","False","Stefan R. Pulver; Wayne P. Kelley; Vatsala Thirumalai; Jonathan V. Sweedler; Eve Marder","5","keep"
"W2091533580","In Situ Tissue Analysis of Neuropeptides by MALDI FTMS In-Cell Accumulation","2004","85","Analytical Chemistry","University of Wisconsin–Madison","True","True","False","Kimberly K. Kutz; Joshua J. Schmidt","2","keep"
"W1990203312","Rat Neuropeptidomics by LC−MS/MS and MALDI−FTMS:  Enhanced Dissection and Extraction Techniques Coupled with 2D RP-RP HPLC","2006","82","Journal of Proteome Research","University of Wisconsin–Madison","True","True","False","James A. Dowell; William Vander Heyden","2","keep"
"W2274053983","Mass Spectrometry in Plant-omics","2016","82","Analytical Chemistry","University of Wisconsin–Madison","True","True","True","Erin Gemperline; Caitlin Keller","2","keep"
"W2084898979","Determination of PCDD/Fs and dioxin-like PCBs in chinese commercial PCBs and emissions from a testing PCB incinerator","1997","76","Chemosphere","Chinese Academy of Sciences; Research Center for Eco-Environmental Sciences","False","True","False","Ke Jiang; Yudong Chen; Jun Jin","3","keep"
"W2023029465","Expanding the Crustacean Neuropeptidome Using a Multifaceted Mass Spectrometric Approach","2009","75","Journal of Proteome Research","University of Wisconsin–Madison","True","True","False","Mingming Ma; Junhua Wang; Ruibing Chen","3","keep"
"W2808481523","Comparative Evaluation of MS-based Metabolomics Software and Its Application to Preclinical Alzheimer’s Disease","2018","74","Scientific Reports","University of Wisconsin–Madison","True","True","True","Ling Hao; Jingxin Wang; David Page; Sanjay Asthana; Henrik Zetterberg; Cynthia M. Carlsson; Ozioma C. Okonkwo","7","keep"
"W1571645799","Recent advances in coupling capillary electrophoresis‐based separation techniques to ESI and MALDI‐MS","2013","72","Electrophoresis","University of Wisconsin–Madison","True","False","True","Xuefei Zhong; Zichuan Zhang; Shan Jiang","3","keep"
"W2061801471","Mass spectrometric characterization and physiological actions of novel crustacean C-type allatostatins","2009","71","Peptides","University of Wisconsin–Madison","True","True","False","Mingming Ma; T Szabo; Chenxi Jia; Eve Marder","4","keep"
"W2077834285","Identification of neuropeptides from the decapod crustacean sinus glands using nanoscale liquid chromatography tandem mass spectrometry","2005","71","Biochemical and Biophysical Research Communications","University of Wisconsin–Madison; Highland Community College - Illinois","True","True","False","Qiang Fu; Michael F. Goy","2","keep"
"W245402439","Herbal drugs against cardiovascular disease: traditional medicine and modern development","2015","71","Drug Discovery Today","Soochow University; First Affiliated Hospital of Soochow University","False","False","False","Xiuwen Zhou; Na Li; Miao Sun; Juanxiu Lv; Zhice Xu","0","drop"
"W2012343180","Modulation of Rhythmic Motor Activity by Pyrokinin Peptides","2006","69","Journal of Neurophysiology","","False","True","False","Shari R. Saideman; Mingming Ma; Kimberly K. Kutz‐Naber; Aaron P. Cook; Pieter Torfs; Liliane Schoofs; Michael P. Nusbaum","7","keep"
"W2887113077","Comparison of Vacuum MALDI and AP-MALDI Platforms for the Mass Spectrometry Imaging of Metabolites Involved in Salt Stress in Medicago truncatula","2018","67","Frontiers in Plant Science","University of Wisconsin–Madison","True","True","True","Caitlin Keller; Junko Maëda; Dhileepkumar Jayaraman; Sanhita Chakraborty; Michael R. Sussman; Jeanne M. Harris; Jean‐Michel Ané","7","keep"
"W2077734227","Inhibition of MITF and Tyrosinase by Paeonol-Stimulated JNK/SAPK to Reduction of Phosphorylated CREB","2008","66","The American Journal of Chinese Medicine","Chinese Academy of Medical Sciences & Peking Union Medical College","False","False","False","Jin Bu; Pengcheng Ma; Zhiqiang Chen; Wu‐qing Zhou; You‐Jun Fu; Chengrang Li","0","drop"
"W1972992502","Mass Spectral Analysis of Neuropeptide Expression and Distribution in the Nervous System of the Lobster <i>Homarus americanus</i>","2009","64","Journal of Proteome Research","University of Wisconsin–Madison; Thermo Fisher Scientific (United States)","True","True","False","Ruibing Chen; Xiaoyue Jiang; Maria C. Prieto Conaway; Iman Mohtashemi; Limei Hui; Rosa Viner","6","keep"
"W2052363451","Midgut epithelial endocrine cells are a rich source of the neuropeptides APSGFLGMRamide (<i>Cancer borealis</i> tachykinin-related peptide Ia) and GYRKPPFNGSIFamide (Gly1-SIFamide) in the crabs <i>Cancer borealis</i>, <i>Cancer magister</i> and <i>Cancer productus</i>","2007","62","Journal of Experimental Biology","University of Wisconsin–Madison","True","True","False","Andrew E. Christie; Kimberly K. Kutz‐Naber; Elizabeth A. Stemmler; A. Кlеіn; Daniel I. Messinger; Christopher C. Goiney; Anna J. Conterato; Emily A. Bruns; Yun‐Wei A. Hsu; Patsy S. Dickinson","10","keep"
"W1904374410","Advances in Mass Spectrometric Tools for Probing Neuropeptides","2015","61","Annual Review of Analytical Chemistry","University of Wisconsin–Madison","True","True","False","Amanda R. Buchberger; Qing Yu","2","keep"
"W2074901156","ROS-Mediated Autophagy Induced by Dysregulation of Lipid Metabolism Plays a Protective Role in Colorectal Cancer Cells Treated with Gambogic Acid","2014","61","PLoS ONE","Huazhong University of Science and Technology","False","False","False","Haiyuan Zhang; Yunlong Lei; Ping Yuan; Chao Luo; Rui Gao; Jun Tian; Zuo‐Hua Feng; Edouard C. Nice; Jun Sun","0","drop"
"W2624943597","BAIAP3, a C2 domain–containing Munc13 protein, controls the fate of dense-core vesicles in neuroendocrine cells","2017","60","The Journal of Cell Biology","University of Wisconsin–Madison","True","True","True","Xingmin Zhang; Shan Jiang; Kelly A. Mitok; Alan Attie; Thomas F.J. Martin","5","keep"
"W1979071260","Mass spectrometric characterization and physiological actions of VPNDWAHFRGSWamide, a novel B type allatostatin in the crab, <i>Cancer borealis</i>","2007","59","Journal of Neurochemistry","University of Wisconsin–Madison","True","True","False","Qiang Fu; Lamont S. Tang; Eve Marder","3","keep"
"W2158767154","Relative quantification of amine-containing metabolites using isobaric N,N-dimethyl leucine (DiLeu) reagents via LC-ESI-MS/MS and CE-ESI-MS/MS","2014","58","The Analyst","University of Wisconsin–Madison; Madison Group (United States)","True","True","True","Ling Hao; Xuefei Zhong; Tyler Greer; Hui Ye","4","keep"
"W1941219655","Influence of animal husbandry practices on void spot assay outcomes in C57BL/6J male mice","2014","56","Neurourology and Urodynamics","University of Wisconsin–Madison","True","True","False","Kimberly P. Keil; Lisa L. Abler; Helene M. Altmann; Wade Bushman; Paul C. Marker; William A. Ricke; Dale E. Bjorling; Chad M. Vezina","8","keep"
"W2014613207","Analysis of Neuropeptide Expression and Localization in Adult <i>Drosophila melanogaster</i> Central Nervous System by Affinity Cell-Capture Mass Spectrometry","2009","56","Journal of Proteome Research","University of Wisconsin–Madison; Harvard University; Bruker (United States)","True","True","False","Joanne Y. Yew; Yun Wang; Natasha S. Barteneva; Sergei Dikler; Kimberly K. Kutz‐Naber; Edward A. Kravitz","6","keep"
"W2163131666","Comparative glycoproteomics: approaches and applications","2008","56","Briefings in Functional Genomics and Proteomics","","False","True","False","Xin Wei","1","keep"
"W2786467315","New techniques, applications and perspectives in neuropeptide research","2018","56","Journal of Experimental Biology","University of Wisconsin–Madison","True","True","True","Kellen DeLaney; Amanda R. Buchberger; Louise E. Atkinson; Stefan Gründer; Angela Mousley","5","keep"
"W2016911556","Measurement of neuropeptides in crustacean hemolymph via MALDI mass spectrometry","2008","55","Journal of the American Society for Mass Spectrometry","University of Wisconsin–Madison","True","True","False","Ruibing Chen; Mingming Ma; Limei Hui; Jiang Zhang","4","keep"
"W2038203428","Identification and cardiotropic actions of sulfakinin peptides in the American lobster <i>Homarus americanus</i>","2007","55","Journal of Experimental Biology","University of Wisconsin–Madison; Highland Community College - Illinois","True","True","False","Patsy S. Dickinson; Jake S. Stevens; Szymon Rus; Henry R. Brennan; Christopher C. Goiney; Christine M. Smith; David W. Towle; Andrew E. Christie","8","keep"
"W2417932691","Peroxymonosulfate Rapidly Inactivates the Disease-Associated Prion Protein","2016","55","Environmental Science & Technology","University of Wisconsin–Madison","True","True","True","Alexandra R. Chesney; Clarissa J. Booth; Christopher B. Lietz; Joel A. Pedersen","4","keep"
"W2084310133","Multifaceted Investigation of Metabolites During Nitrogen Fixation in <b><i>Medicago</i></b> via High Resolution MALDI-MS Imaging and ESI-MS","2014","54","Journal of the American Society for Mass Spectrometry","University of Wisconsin–Madison","True","True","False","Erin Gemperline; Dhileepkumar Jayaraman; Junko Maëda; Jean‐Michel Ané","4","keep"
"W3025918457","Glycopeptide Biomarkers in Serum Haptoglobin for Hepatocellular Carcinoma Detection in Patients with Nonalcoholic Steatohepatitis","2020","54","Journal of Proteome Research","University of Wisconsin–Madison","True","True","False","Jianhui Zhu; Junfeng Huang; Jie Zhang; Zhengwei Chen; Yu Lin; Gabriela Grigorean; Suyu Liu; Amit G. Singal; Neehar D. Parikh; David M. Lubman","10","keep"
"W2102503075","Improved isobaric tandem mass tag quantification by ion mobility mass spectrometry","2014","53","Rapid Communications in Mass Spectrometry","University of Wisconsin System; University of Wisconsin–Madison; Highland Community College - Illinois","True","True","False","Robert M. Sturm; Christopher B. Lietz","2","keep"
"W2174553040","Expression and distribution of neuropeptides in the nervous system of the crab <i>Carcinus maenas</i> and their roles in environmental stress","2015","53","PROTEOMICS","University of Wisconsin–Madison","True","True","True","Yuzhuo Zhang; Amanda R. Buchberger; Gajanthan Muthuvel","3","keep"
"W2562701216","Mass Defect-Based <i>N</i>,<i>N</i>-Dimethyl Leucine Labels for Quantitative Proteomics and Amine Metabolomics of Pancreatic Cancer Cells","2016","53","Analytical Chemistry","University of Wisconsin–Madison","True","True","False","Ling Hao; Jillian Johnson; Christopher B. Lietz; Amanda R. Buchberger; Dustin C. Frost; Weiyuan John Kao","6","keep"
"W1412537369","A one-step preparation method of monolithic enzyme reactor for highly efficient sample preparation coupled to mass spectrometry-based proteomics studies","2015","52","Journal of Chromatography A","University of Wisconsin–Madison; Highland Community College - Illinois","True","True","False","Shan Jiang; Zichuan Zhang","2","keep"
"W2175885310","Changes in atmospheric composition during the 2014 APEC conference in Beijing","2015","52","Journal of Geophysical Research Atmospheres","Beijing Municipal Ecological and Environmental Monitoring Center","False","False","False","Zhanshan Wang; Yunting Li; Tian Chen; Baoxian Liu; Dawei Zhang; Feng Sun; Qiang Wei; Lei Jiang; Libo Pan","0","drop"
"W2738682266","Targeted Mass Spectrometry Approach Enabled Discovery of <i>O-</i>Glycosylated Insulin and Related Signaling Peptides in Mouse and Human Pancreatic Islets","2017","52","Analytical Chemistry","University of Wisconsin–Madison","True","True","True","Qing Yu; Alejandra Canales; Matthew S. Glover; Rahul Das; Xudong Shi; Yang Liu; Mark P. Keller; Alan Attie","8","keep"
"W2899704524","Gut Microbial and Metabolic Responses to Salmonella enterica Serovar Typhimurium and Candida albicans","2018","52","mBio","University of Wisconsin–Madison","True","True","True","Jennifer R. Bratburd; Caitlin Keller; Eugenio I. Vivas; Erin Gemperline; Federico E. Rey; Cameron R. Currie","6","keep"
"W2906511847","Recent Advances and New Perspectives in Capillary Electrophoresis-Mass Spectrometry for Single Cell “Omics”","2018","52","Molecules","University of Wisconsin–Madison","True","True","True","Kellen DeLaney; Christopher S. Sauer; Nhu Q. Vu","3","keep"
"W2986840503","Molecular basis for chirality-regulated Aβ self-assembly and receptor recognition revealed by ion mobility-mass spectrometry","2019","52","Nature Communications","University of Wisconsin–Madison","True","True","True","Gongyu Li; Kellen DeLaney","2","keep"
"W2048744060","Combining Microdialysis, NanoLC-MS, and MALDI-TOF/TOF To Detect Neuropeptides Secreted in the Crab, <i>Cancer borealis</i>","2008","51","Analytical Chemistry","University of Wisconsin–Madison","True","True","False","Heidi L. Behrens; Ruibing Chen","2","keep"
"W2971616287","Acetyl-CoA flux regulates the proteome and acetyl-proteome to maintain intracellular metabolic crosstalk","2019","51","Nature Communications","University of Wisconsin–Madison","True","True","True","Inca A. Dieterich; Alexis J. Lawton; Yajing Peng; Qing Yu; Timothy W. Rhoads; Katherine A. Overmyer; Yusi Cui; Eric A. Armstrong; Porsha R. Howell; Maggie S. Burhans; John M. Denu; Joshua J. Coon; Rozalyn M. Anderson; Luigi Puglielli","14","keep"
"W3158218832","Quantification and molecular imaging of fatty acid isomers from complex biological samples by mass spectrometry","2021","50","Chemical Science","University of Wisconsin–Madison; Madison Group (United States)","True","True","True","Hua Zhang; Meng Xu; Xudong Shi; Yuan Liu; Zihui Li; Justin C. Jagodinsky; M Ma; Nathan V. Welham; Zachary S. Morris","9","keep"
"W1985394121","Comparative Neuropeptidomic Analysis of Food Intake via a Multifaceted Mass Spectrometric Approach","2009","48","ACS Chemical Neuroscience","University of Wisconsin–Madison","True","True","True","Ruibing Chen; Limei Hui; Stephanie Cape; Junhua Wang","4","keep"
"W2013734101","Challenges and Recent Advances in Mass Spectrometric Imaging of Neurotransmitters","2014","48","Bioanalysis","University of Wisconsin–Madison","True","True","True","Erin Gemperline; Bingming Chen","2","keep"
"W2056893568","Mass spectrometry-based proteomics and peptidomics for systems biology and biomarker discovery","2012","48","Frontiers in Biology","University of Wisconsin–Madison","True","True","False","Robert Cunningham; Di Ma","2","keep"
"W2793975661","Human &amp;beta;-defensin 3-combined gold nanoparticles for enhancement of osteogenic differentiation of human periodontal ligament cells in inflammatory microenvironments","2018","48","International Journal of Nanomedicine","Shanghai Stomatological Hospital; Nanjing Medical University; Nanjing University","False","False","False","Jing Zhou; Yangheng Zhang; Huangmei Fu; Wenrong Yang; Fuhua Yan","0","drop"
"W1987736714","The In Vitro Characterization of the Erythronolide Mycarosyltransferase EryBV and Its Utility in Macrolide Diversification","2007","46","ChemBioChem","University of Wisconsin–Madison","True","True","False","Changsheng Zhang; Qiang Fu; Christoph Albermann; Jon S. Thorson","4","keep"
"W2903706473","Putrescine delays postovulatory aging of mouse oocytes by upregulating PDK4 expression and improving mitochondrial activity","2018","46","Aging","Nanjing Medical University","False","False","False","Wendan Xu; Jingwen Sun; Songyue Zhu; Zhengjie Yan; Li Gao; Chao Gao; Yugui Cui; Caiping Mao","0","drop"
"W2968628755","Dual-Functional Titanium(IV) Immobilized Metal Affinity Chromatography Approach for Enabling Large-Scale Profiling of Protein Mannose-6-Phosphate Glycosylation and Revealing Its Predominant Substrates","2019","46","Analytical Chemistry","Tianjin University","False","True","False","Junfeng Huang; Jing Dong; Xudong Shi; Zhengwei Chen; Yusi Cui; Xiaoyan Liu; Mingliang Ye","7","keep"
"W2094309702","Mapping of Neuropeptides in the Crustacean Stomatogastric Nervous System by Imaging Mass Spectrometry","2012","45","Journal of the American Society for Mass Spectrometry","University of Wisconsin–Madison","True","True","True","Hui Ye; Limei Hui; Katherine A. Kellersberger","3","keep"
"W1595837951","Recent advances in enrichment and separation strategies for mass spectrometry‐based phosphoproteomics","2014","44","Electrophoresis","University of Wisconsin–Madison","True","True","False","Chenxi Yang; Xuefei Zhong","2","keep"
"W2079515858","Large-Scale Collision Cross-Section Profiling on a Traveling Wave Ion Mobility Mass Spectrometer","2014","44","Journal of the American Society for Mass Spectrometry","University of Wisconsin–Madison","True","True","False","Christopher B. Lietz; Qing Yu","2","keep"
"W2753169979","Characterization of intact sialylated glycopeptides and phosphorylated glycopeptides from IMAC enriched samples by EThcD fragmentation: Toward combining phosphoproteomics and glycoproteomics","2017","44","International Journal of Mass Spectrometry","University of Wisconsin–Madison","True","True","False","Matthew S. Glover; Qing Yu; Zhengwei Chen; Xudong Shi; K. Craig Kent","5","keep"
"W1989241618","Mass spectral comparison of the neuropeptide complement of the stomatogastric ganglion and brain in the adult and embryonic lobster, <i>Homarus americanus</i>","2007","43","Journal of Neurochemistry","University of Wisconsin–Madison","True","True","False","Stephanie Cape; Kristina J. Rehm; Mingming Ma; Eve Marder","4","keep"
"W1976185324","Top-Down Proteomics with Mass Spectrometry Imaging: A Pilot Study towards Discovery of Biomarkers for Neurodevelopmental Disorders","2014","42","PLoS ONE","University of Wisconsin–Madison","True","True","True","Hui Ye; Rakesh Mandal; Adam D. Catherman; Paul M. Thomas; Neil L. Kelleher; Chrysanthy Ikonomidou","6","keep"
"W2782169981","Razor-printed sticker microdevices for cell-based applications","2018","42","Lab on a Chip","University of Wisconsin–Madison","True","True","True","Loren E. Stallcop; Yasmín R. Álvarez-García; Ana M. Reyes-Ramos; Karla P. Ramos-Cruz; Molly Morgan; Yatao Shi; David J. Beebe; Maribella Domenech; Jay W. Warrick","9","keep"
"W2912581010","Visualization and Identification of Neurotransmitters in Crustacean Brain via Multifaceted Mass Spectrometric Approaches","2019","42","ACS Chemical Neuroscience","University of Wisconsin–Madison","True","True","False","Qinjingwen Cao; Yijia Wang; Bingming Chen; Fengfei Ma; Ling Hao; Gongyu Li; Chuanzi OuYang","7","keep"
"W1973056604","Combining capillary electrophoresis matrix-assisted laser desorption/ionization mass spectrometry and stable isotopic labeling techniques for comparative crustacean peptidomics","2010","41","Journal of Chromatography A","University of Wisconsin–Madison","True","True","False","Junhua Wang; Yuzhuo Zhang; Feng Xiang; Zichuan Zhang","4","keep"
"W2115396821","Inhibition of Multidrug-resistant Acinetobacter baumannii by Nonviral Expression of hCAP-18 in a Bioengineered Human Skin Tissue","2009","41","Molecular Therapy","University of Wisconsin–Madison","True","True","False","Christina L. Thomas‐Virnig; John M. Centanni; Colette E. Johnston; Li‐Ke He; Sandy J. Schlosser; Kelly F. Van Winkle; Ruibing Chen; Angela Gibson; Andrea Szilágyi; Ravi Shankar; B. Lynn Allen‐Hoffmann","11","keep"
"W2129103869","Zoonotic risk of hepatitis E virus (HEV): A study of HEV infection in animals and humans in suburbs of Beijing","2009","41","Hepatology Research","Peking University","False","False","False","Yibin Chang; Ling Wang; Jiabao Geng; Yong-hong Zhu; Hongwei Fu; Furong Ren; Xiaojuan Wang; Hui Zhuang","0","drop"
"W2976403346","A strategy for identifying species-specific peptide biomarkers in deer-hide gelatin using untargeted and targeted mass spectrometry approaches","2019","41","Analytica Chimica Acta","University of Wisconsin–Madison","True","True","False","Rui Liu; Yong Huang; Hao-Kun Xu; Yunfeng Zheng; Yang Liu; Shuying Han; Min Yang; Yu Xie; Kaixuan Wang; Jin‐Ao Duan","10","keep"
"W2320184538","Quantitative Neuropeptidomics Study of the Effects of Temperature Change in the Crab <i>Cancer borealis</i>","2014","40","Journal of Proteome Research","University of Wisconsin–Madison","True","True","False","Ruibing Chen; Mingming Xiao; Amanda R. Buchberger","3","keep"
"W2410661399","Increased expression of AT-1/SLC33A1 causes an autistic-like phenotype in mice by affecting dendritic branching and spine formation","2016","40","The Journal of Experimental Medicine","University of Wisconsin–Madison","True","True","False","Rikki Hullinger; Mi Li; Jingxin Wang; Yajing Peng; James A. Dowell; Ewa Bomba-Warczak; Heather A. Mitchell; Corinna Bürger; Edwin R. Chapman; John M. Denu; Luigi Puglielli","11","keep"
"W2782007687","A high resolution atmospheric pressure matrix-assisted laser desorption/ionization-quadrupole-orbitrap MS platform enables in situ analysis of biomolecules by multi-mode ionization and acquisition","2018","40","Analytica Chimica Acta","University of Wisconsin–Madison","True","True","False","Bingming Chen; Chuanzi OuYang; Zichuan Tian; Meng Xu","4","keep"
"W2887337924","Increased <i>N,N</i>-Dimethyl Leucine Isobaric Tag Multiplexing by a Combined Precursor Isotopic Labeling and Isobaric Tagging Approach","2018","40","Analytical Chemistry","University of Wisconsin–Madison","True","False","False","Dustin C. Frost; Clayton J. Rust; Renã A. S. Robinson","1","keep"
"W2909320430","Isobaric Multiplex Labeling Reagents for Carbonyl-Containing Compound (SUGAR) Tags: A Probe for Quantitative Glycomic Analysis","2019","40","Analytical Chemistry","University of Wisconsin–Madison","True","True","False","Feng Yu; Bingming Chen; Qinying Yu; Xuefei Zhong; Dustin C. Frost; Chrysanthy Ikonomidou","6","keep"
"W2137404448","Molecular basis of crosstalk between oncogenic Ras and the master regulator of hematopoiesis GATA‐2","2014","39","EMBO Reports","University of Wisconsin–Madison","True","False","True","Koichi R. Katsumura; Chenxi Yang; Meghan E. Boyer; Emery H. Bresnick","4","keep"
"W1972219555","In Situ Characterization of Proteins Using Laserspray Ionization on a High-Performance MALDI-LTQ-Orbitrap Mass Spectrometer","2014","38","Journal of the American Society for Mass Spectrometry","University of Wisconsin–Madison","True","True","False","Bingming Chen; Christopher B. Lietz","2","keep"
"W2549952127","Label‐free quantitative comparison of cerebrospinal fluid glycoproteins and endogenous peptides in subjects with Alzheimer's disease, mild cognitive impairment, and healthy individuals","2016","38","PROTEOMICS - CLINICAL APPLICATIONS","University of Wisconsin System; University of Wisconsin–Madison; Tianjin University","True","True","True","Jingxin Wang; Robert Cunningham; Henrik Zetterberg; Sanjay Asthana; Cynthia M. Carlsson; Ozioma C. Okonkwo","6","keep"
"W2925211228","Data Independent Acquisition Mass Spectrometry Method for Improved Neuropeptidomic Coverage in Crustacean Neural Tissue Extracts","2019","38","Analytical Chemistry","University of Wisconsin–Madison","True","True","False","Kellen DeLaney","1","keep"
"W2980925493","Nanosecond photochemically promoted click chemistry for enhanced neuropeptide visualization and rapid protein labeling","2019","37","Nature Communications","University of Wisconsin–Madison","True","True","True","Gongyu Li; Fengfei Ma; Qinjingwen Cao; Zhen Zheng; Kellen DeLaney; Rui Liu","6","keep"
"W2982657972","Sample preparation strategies for high‐throughput mass spectrometry imaging of primary tumor organoids","2019","37","Journal of Mass Spectrometry","University of Wisconsin–Madison","True","True","True","Jillian Johnson; Joe T. Sharick; Melissa C. Skala","3","keep"
"W1989457128","High-definition De Novo Sequencing of Crustacean Hyperglycemic Hormone (CHH)-family Neuropeptides","2012","36","Molecular & Cellular Proteomics","University of Wisconsin–Madison","True","True","True","Chenxi Jia; Limei Hui; Weifeng Cao; Christopher B. Lietz; Xiaoyue Jiang; Ruibing Chen; Adam D. Catherman; Paul M. Thomas; Ying Ge; Neil L. Kelleher","10","keep"
"W1989770230","A multi-scale strategy for discovery of novel endogenous neuropeptides in the crustacean nervous system","2013","36","Journal of Proteomics","University of Wisconsin–Madison","True","True","True","Chenxi Jia; Christopher B. Lietz; Hui Ye; Limei Hui; Qing Yu; Sujin Yoo","6","keep"
"W2002124212","Mass Spectrometric Detection of Neuropeptides Using Affinity-Enhanced Microdialysis with Antibody-Coated Magnetic Nanoparticles","2012","36","Analytical Chemistry","University of Wisconsin–Madison; Highland Community College - Illinois","True","True","True","Claire M. Schmerberg","1","keep"
"W2054147765","Prenatal Exposure to Hypoxia Induced Beclin 1 Signaling-Mediated Renal Autophagy and Altered Renal Development in Rat Fetuses","2014","36","Reproductive Sciences","Soochow University; First Affiliated Hospital of Soochow University","False","False","False","Shuixiu Xia; Juanxiu Lv; Qinqin Gao; Ningjing Chen; Xiaoguang Wei; Jianping Xiao; Jie Chen; Jianying Tao; Miao Sun; Caiping Mao; Li Zhang; Zhice Xu","0","drop"
"W2133208024","Dopaminergic tone regulates transient potassium current maximal conductance through a translational mechanism requiring D1Rs, cAMP/PKA, Erk and mTOR","2013","36","BMC Neuroscience","University of Wisconsin–Madison","True","True","True","Edmund W. Rodgers; Wulf‐Dieter C. Krenz; Xiaoyue Jiang; Deborah J. Baro","4","keep"
"W2488231459","In-Depth Characterization and Validation of Human Urine Metabolomes Reveal Novel Metabolic Signatures of Lower Urinary Tract Symptoms","2016","36","Scientific Reports","University of Wisconsin–Madison","True","True","True","Ling Hao; Tyler Greer; David L. Page; Yatao Shi; Chad M. Vezina; Jill A. Macoska; Paul C. Marker; Dale E. Bjorling; Wade Bushman; William A. Ricke","10","keep"
"W1829969087","High Throughput In Situ DDA Analysis of Neuropeptides by Coupling Novel Multiplex Mass Spectrometric Imaging (MSI) with Gas-Phase Fractionation","2015","35","Journal of the American Society for Mass Spectrometry","University of Wisconsin–Madison","True","True","False","Chuanzi OuYang; Bingming Chen","2","keep"
"W2123885588","Absolute Quantification of Prion Protein (90–231) Using Stable Isotope-Labeled Chymotryptic Peptide Standards in a LC-MRM AQUA Workflow","2012","34","Journal of the American Society for Mass Spectrometry","University of Wisconsin–Madison","True","True","False","Robert M. Sturm; Gloria Sheynkman; Clarissa J. Booth; Lloyd M. Smith; Joel A. Pedersen","5","keep"
"W2315687228","Visualizing Neurotransmitters and Metabolites in the Central Nervous System by High Resolution and High Accuracy Mass Spectrometric Imaging","2013","34","ACS Chemical Neuroscience","University of Wisconsin–Madison; Thermo Fisher Scientific (Germany)","True","True","False","Hui Ye; Jingxin Wang; Tyler Greer; Kerstin Strupat","4","keep"
"W2952763800","In Depth Quantification of Extracellular Matrix Proteins from Human Pancreas","2019","34","Journal of Proteome Research","University of Wisconsin–Madison","True","True","False","Fengfei Ma; Daniel M. Tremmel; Zihui Li; Christopher B. Lietz; Sara Dutton Sackett; Jon S. Odorico","6","keep"
"W3022993848","Human β-defensin 3 gene modification promotes the osteogenic differentiation of human periodontal ligament cells and bone repair in periodontitis","2020","34","International Journal of Oral Science","Nanjing University","False","False","False","Han Jiang; Rixin Chen; Jing Zhou; Yin Xiao; Yangheng Zhang; Fuhua Yan","0","drop"
"W2307168987","5-Hydroxymethylcytosine-mediated alteration of transposon activity associated with the exposure to adverse<i>in utero</i>environments in human","2016","33","Human Molecular Genetics","Soochow University; First Affiliated Hospital of Soochow University","False","False","False","Miao Sun; Mingxi M. Song; Bin Wei; Qinqin Gao; Bing Yao; Li Chen; Li Lin; Qing Dai; Xiuwen Zhou; Jianying Tao; Jie Chen; Chuan He; Peng Jin; Zhice Xu","0","drop"
"W2765625384","Strategy Based on Deglycosylation, Multiprotease, and Hydrophilic Interaction Chromatography for Large-Scale Profiling of Protein Methylation","2017","33","Analytical Chemistry","University of Wisconsin–Madison; Tianjin University","True","True","True","M Ma; Xinyuan Zhao; Shuo Chen; Yingyi Zhao; Lu Yang; Feng Yu; Weijie Qin; Chenxi Jia","8","keep"
"W2626411708","Imaging with Mass Spectrometry of Bacteria on the Exoskeleton of Fungus-Growing Ants","2017","32","ACS Chemical Biology","University of Wisconsin–Madison","True","True","True","Erin Gemperline; Heidi A. Horn; Kellen DeLaney; Cameron R. Currie","4","keep"
"W2901165612","Characterizing and alleviating ion suppression effects in atmospheric pressure matrix‐assisted laser desorption/ionization","2018","32","Rapid Communications in Mass Spectrometry","University of Wisconsin–Madison","True","True","False","Gongyu Li; Qinjingwen Cao; Yang Liu; Kellen DeLaney; Zichuan Tian; Eugene Moskovets","6","keep"
"W2998500331","Signature-Ion-Triggered Mass Spectrometry Approach Enabled Discovery of N- and O-Linked Glycosylated Neuropeptides in the Crustacean Nervous System","2019","32","Journal of Proteome Research","University of Wisconsin–Madison","True","True","True","Qinjingwen Cao; Qing Yu; Yang Liu; Zhengwei Chen","4","keep"
"W3012141085","A Simple and Effective Sample Preparation Strategy for MALDI-MS Imaging of Neuropeptide Changes in the Crustacean Brain Due to Hypoxia and Hypercapnia Stress","2020","32","Journal of the American Society for Mass Spectrometry","University of Wisconsin–Madison","True","True","True","Amanda R. Buchberger; Nhu Q. Vu; Jillian Johnson; Kellen DeLaney","4","keep"
"W3128485795","Mass Spectrometry Quantification, Localization, and Discovery of Feeding-Related Neuropeptides in <i>Cancer borealis</i>","2021","32","ACS Chemical Neuroscience","University of Wisconsin–Madison","True","True","False","Kellen DeLaney; Mengzhou Hu; Tessa Hellenbrand; Patsy S. Dickinson; Michael P. Nusbaum","5","keep"
"W3200497336","Recent advances in mass spectrometry analysis of neuropeptides","2021","32","Mass Spectrometry Reviews","University of Wisconsin–Madison","True","True","True","Ashley Phetsanthad; Nhu Q. Vu; Qing Yu; Amanda R. Buchberger; Zhengwei Chen; Caitlin Keller","6","keep"
"W4290861716","Boost-DiLeu: Enhanced Isobaric <i>N</i>,<i>N</i>-Dimethyl Leucine Tagging Strategy for a Comprehensive Quantitative Glycoproteomic Analysis","2022","32","Analytical Chemistry","University of Wisconsin–Madison","True","True","True","Danqing Wang; M Ma; Junfeng Huang; Ting‐Jia Gu; Yusi Cui; Miyang Li; Zicong Wang; Henrik Zetterberg","8","keep"
"W2095155717","Mass Spectrometric Evaluation of Neuropeptidomic Profiles upon Heat Stabilization Treatment of Neuroendocrine Tissues in Crustaceans","2012","30","Journal of Proteome Research","University of Wisconsin–Madison","True","True","True","Robert M. Sturm; Tyler Greer; Nicole Woodards; Erin Gemperline","4","keep"
"W2146654524","Development and characterization of novel 8‐plex DiLeu isobaric labels for quantitative proteomics and peptidomics","2015","30","Rapid Communications in Mass Spectrometry","University of Wisconsin System; University of Wisconsin–Madison; Highland Community College - Illinois","True","True","True","Dustin C. Frost; Tyler Greer; Feng Xiang; Zhidan Liang","4","keep"
"W3165461462","Counterion Optimization Dramatically Improves Selectivity for Phosphopeptides and Glycopeptides in Electrostatic Repulsion-Hydrophilic Interaction Chromatography","2021","30","Analytical Chemistry","University of Wisconsin–Madison","True","True","True","Yusi Cui; Dylan Nicholas Tabang; Zishan Zhang; M Ma; Andrew J. Alpert","5","keep"
"W1134199019","Custom 4-Plex DiLeu Isobaric Labels Enable Relative Quantification of Urinary Proteins in Men with Lower Urinary Tract Symptoms (LUTS)","2015","29","PLoS ONE","University of Wisconsin–Madison","True","True","True","Tyler Greer; Ling Hao; Anatoliy Nechyporenko; Sanghee Lee; Chad M. Vezina; William A. Ricke; Paul C. Marker; Dale E. Bjorling; Wade Bushman","9","keep"
"W1985327544","Mass spectral imaging and profiling of neuropeptides at the organ and cellular domains","2010","29","Analytical and Bioanalytical Chemistry","University of Wisconsin–Madison","True","False","False","Ruibing Chen","1","keep"
"W2095128346","A Quantitative Proteomic Approach to Prion Disease Biomarker Research: Delving into the Glycoproteome","2011","29","Journal of Proteome Research","University of Wisconsin–Madison","True","True","False","Xin Wei; Allen Herbst; Di Ma; Judd M. Aiken","4","keep"
"W2095180875","Mass spectrometric characterization of the neuropeptidome of the ghost crab Ocypode ceratophthalma (Brachyura, Ocypodidae)","2013","29","General and Comparative Endocrinology","University of Wisconsin–Madison; Highland Community College - Illinois","True","True","False","Limei Hui; Brandon T. D’Andrea; Chenxi Jia; Zhidan Liang; Andrew E. Christie","5","keep"
"W2595661769","Improving data quality and preserving HCD-generated reporter ions with EThcD for isobaric tag-based quantitative proteomics and proteome-wide PTM studies","2017","29","Analytica Chimica Acta","University of Wisconsin–Madison","True","True","True","Qing Yu; Xudong Shi; Feng Yu; K. Craig Kent","4","keep"
"W4200367381","In-Depth Site-Specific O-Glycosylation Analysis of Glycoproteins and Endogenous Peptides in Cerebrospinal Fluid (CSF) from Healthy Individuals, Mild Cognitive Impairment (MCI), and Alzheimer’s Disease (AD) Patients","2021","29","ACS Chemical Biology","University of Wisconsin–Madison","True","True","True","Zhengwei Chen; Danqing Wang; Qing Yu; Jillian Johnson; Richard David Shipman; Xiaofang Zhong; Junfeng Huang; Qinying Yu; Henrik Zetterberg; Sanjay Asthana; Cynthia M. Carlsson; Ozioma C. Okonkwo","12","keep"
"W2002631841","Discovery and Characterization of the Crustacean Hyperglycemic Hormone Precursor Related Peptides (CPRP) and Orcokinin Neuropeptides in the Sinus Glands of the Blue Crab <i>Callinectes sapidus</i> Using Multiple Tandem Mass Spectrometry Techniques","2011","28","Journal of Proteome Research","University of Wisconsin–Madison; Highland Community College - Illinois","True","True","False","Limei Hui; Robert Cunningham; Zichuan Zhang; Weifeng Cao; Chenxi Jia","5","keep"
"W2948399798","Improved structural elucidation of peptide isomers and their receptors using advanced ion mobility-mass spectrometry","2019","28","TrAC Trends in Analytical Chemistry","University of Wisconsin–Madison","True","True","True","Gongyu Li; Daniel G. Delafield","2","keep"
"W2957513975","Finding the Sweet Spot in ERLIC Mobile Phase for Simultaneous Enrichment of N-Glyco and Phosphopeptides","2019","28","Journal of the American Society for Mass Spectrometry","University of Wisconsin–Madison; Highland Community College - Illinois","True","True","False","Yusi Cui; Ka Yang; Dylan Nicholas Tabang; Junfeng Huang; Weiping Tang","5","keep"
"W2968307004","Multiplex Quantitative Glycomics Enabled by Periodate Oxidation and Triplex Mass Defect Isobaric Multiplex Reagents for Carbonyl-Containing Compound Tags","2019","28","Analytical Chemistry","University of Wisconsin–Madison","True","True","False","Feng Yu; Miyang Li; Yuanyuan Lin; Bingming Chen","4","keep"
"W3192943503","<i>Ascaris suum</i> Informs Extrasynaptic Volume Transmission in Nematodes","2021","28","ACS Chemical Neuroscience","University of Wisconsin–Madison","True","True","True","Louise E. Atkinson; Yang Liu; Fiona M. McKay; Elke Vandewyer; Charles Viau; Allister Irvine; Bruce A. Rosa; Zihui Li; Qingxiao Liang; Nikki J. Marks; Aaron G. Maule; Makedonka Mitreva; Isabel Beets; Angela Mousley","14","keep"
"W3200886249","Components, acidification characteristics, and sources of atmospheric precipitation in Beijing from 1997 to 2020","2021","28","Atmospheric Environment","Beijing Municipal Ecological and Environmental Monitoring Center","False","False","False","Shuang Sun; Shuang Liu; Wenji Zhao","0","drop"
"W4281652204","Development and evaluation of a novel xeno-free culture medium for human-induced pluripotent stem cells","2022","28","Stem Cell Research & Therapy","The University of Osaka","False","False","False","Ying Hua; Kenji Yoshimochi; Junjun Li; Kazuhiro Takekita; Motoshi Shimotsuma; Xiang Qu; Jingbo Zhang; Yoshiki Sawa; Li Liu; Shigeru Miyagawa","0","drop"
"W2001261862","A vision for better health: Mass spectrometry imaging for clinical diagnostics","2012","27","Clinica Chimica Acta","University of Wisconsin–Madison","True","True","True","Hui Ye; Erin Gemperline","2","keep"
"W2028255899","Discovery and Functional Study of a Novel Crustacean Tachykinin Neuropeptide","2011","27","ACS Chemical Neuroscience","University of Wisconsin–Madison; University of Pennsylvania","True","True","False","Limei Hui; Yuzhuo Zhang; Junhua Wang; Aaron P. Cook; Hui Ye; Michael P. Nusbaum","6","keep"
"W2040722485","Advancing Matrix-Assisted Laser Desorption/Ionization-Mass Spectrometric Imaging for Capillary Electrophoresis Analysis of Peptides","2011","27","Analytical Chemistry","University of Wisconsin–Madison","True","False","False","Junhua Wang; Hui Ye; Zichuan Zhang; Feng Xiang; Gary Girdaukas","4","keep"
"W2969909998","Metandem: An online software tool for mass spectrometry-based isobaric labeling metabolomics","2019","27","Analytica Chimica Acta","University of Wisconsin–Madison","True","True","False","Ling Hao; Yuerong Zhu; Pingli Wei; Jillian Johnson; Amanda R. Buchberger; Dustin C. Frost; Weiyuan John Kao","7","keep"
"W3122477652","Acetyl-CoA flux from the cytosol to the ER regulates engagement and quality of the secretory pathway","2021","27","Scientific Reports","University of Wisconsin–Madison","True","True","False","Inca A. Dieterich; Yusi Cui; Megan M. Braun; Alexis J. Lawton; Nicklaus H. Robinson; Jennifer L. Peotter; Qing Yu; Jason C. Casler; Benjamin S. Glick; Anjon Audhya; John M. Denu; Luigi Puglielli","12","keep"
"W1971236277","Probing neuropeptide signaling at the organ and cellular domains via imaging mass spectrometry","2012","26","Journal of Proteomics","University of Wisconsin–Madison","True","True","True","Hui Ye; Tyler Greer","2","keep"
"W2068490101","Mass spectrometric analysis of spatio-temporal dynamics of crustacean neuropeptides","2014","26","Biochimica et Biophysica Acta (BBA) - Proteins and Proteomics","University of Wisconsin–Madison","True","True","False","Chuanzi OuYang; Zhidan Liang","2","keep"
"W3023627440","Variation of industrial air pollution emissions based on VIIRS thermal anomaly data","2020","26","Atmospheric Research","Beijing Municipal Ecological and Environmental Monitoring Center","False","False","False","Shuang Sun; Zhihong Wu; Atul Gautam; Jinxiang Li; Wenji Zhao","0","drop"
"W2619124219","Development of a hydrophilic interaction liquid chromatography coupled with matrix-assisted laser desorption/ionization-mass spectrometric imaging platform for N-glycan relative quantitation using stable-isotope labeled hydrazide reagents","2017","25","Analytical and Bioanalytical Chemistry","University of Wisconsin System; University of Wisconsin–Madison; Tianjin University; Nankai University; Highland Community College - Illinois","True","True","True","Zhengwei Chen; Xuefei Zhong; Cai Tie; Bingming Chen; Xin‐Xiang Zhang","5","keep"
"W2787544143","A Multifaceted Mass Spectrometric Method to Probe Feeding Related Neuropeptide Changes in <i>Callinectes sapidus</i> and <i>Carcinus maenas</i>","2018","25","Journal of the American Society for Mass Spectrometry","University of Wisconsin–Madison","True","True","False","Yuzhuo Zhang; Kellen DeLaney; Limei Hui; Junhua Wang; Robert M. Sturm","5","keep"
"W2795285212","Effect of methionine deficiency on oxidative stress and apoptosis in the small intestine of broilers","2018","25","Acta Veterinaria Hungarica","China West Normal University","False","False","False","Tao Ruan; Yingnan Lyu; Qin Luo; Bangyuan Wu","0","drop"
"W4200012525","Symbiont-Mediated Protection of <i>Acromyrmex</i> Leaf-Cutter Ants from the Entomopathogenic Fungus Metarhizium anisopliae","2021","25","mBio","University of Wisconsin–Madison","True","True","True","Gaspar Bruner-Montero; Matthew Wood; Heidi A. Horn; Erin Gemperline; Cameron R. Currie","5","keep"
"W4206189971","Increased expression of SLC25A1/CIC causes an autistic-like phenotype with altered neuron morphology","2021","25","Brain","University of Wisconsin–Madison","True","True","False","Michael J. Rigby; Nicola Salvatore Orefice; Alexis J. Lawton; M Ma; Samantha L. Shapiro; Sue Y. Yi; Inca A. Dieterich; Alyssa Frelka; Hannah N. Miles; Robert A. Pearce; John‐Paul J. Yu; John M. Denu; Luigi Puglielli","13","keep"
"W4229046827","Comparing Selected-Ion Collision Induced Unfolding with All Ion Unfolding Methods for Comprehensive Protein Conformational Characterization","2022","25","Journal of the American Society for Mass Spectrometry","University of Wisconsin–Madison","True","True","True","Ashley Phetsanthad; Gongyu Li; Chae Kyung Jeon; Brandon T. Ruotolo","4","keep"
"W4386699271","Development of Potent and Selective Coactivator-Associated Arginine Methyltransferase 1 (CARM1) Degraders","2023","25","Journal of Medicinal Chemistry","University of Wisconsin–Madison","True","True","False","Haibo Xie; Megan S. Bacabac; M Ma; Eui‐Jun Kim; Yidan Wang; Wenxin Wu; Wei Xu; Weiping Tang","8","keep"
"W1973389807","From Pixel to Voxel: A Deeper View of Biological Tissue by 3D Mass Spectral Imaging","2011","24","Bioanalysis","University of Wisconsin–Madison","True","True","False","Hui Ye; Tyler Greer","2","keep"
"W1992140605","Protein Changes in Immunodepleted Cerebrospinal Fluid from a Transgenic Mouse Model of Alexander Disease Detected Using Mass Spectrometry","2012","24","Journal of Proteome Research","University of Wisconsin–Madison","True","True","False","Robert Cunningham; Paige L. Jany; Albee Messing","3","keep"
"W2403753581","Defining the Neuropeptidome of the Spiny Lobster <i>Panulirus interruptus</i> Brain Using a Multidimensional Mass Spectrometry-Based Platform","2015","24","Journal of Proteome Research","University of Wisconsin–Madison; Tianjin University","True","True","True","Hui Ye; Jingxin Wang; Zichuan Zhang; Chenxi Jia; Claire M. Schmerberg; Adam D. Catherman; Paul M. Thomas; Neil L. Kelleher","8","keep"
"W2915262101","Mass Spectrometric Imaging Reveals Temporal and Spatial Dynamics of Bioactive Lipids in Arteries Undergoing Restenosis","2019","24","Journal of Proteome Research","University of Wisconsin–Madison","True","True","False","Yatao Shi; Jillian Johnson; Bowen Wang; Bingming Chen; Gregory L. Fisher; Go Urabe; Xudong Shi; K. Craig Kent; Lian‐Wang Guo","9","keep"
"W3100859636","ADVANCES IN HIGH‐RESOLUTION MALDI MASS SPECTROMETRY FOR NEUROBIOLOGY","2020","24","Mass Spectrometry Reviews","University of Wisconsin–Madison","True","True","True","Kellen DeLaney; Ashley Phetsanthad","2","keep"
"W3103400560","Neuropeptidomics: Improvements in Mass Spectrometry Imaging Analysis and Recent Advancements","2020","24","Current Protein and Peptide Science","University of Wisconsin–Madison","True","True","True","Nhu Q. Vu; Kellen DeLaney","2","keep"
"W4220938741","Particle number size distribution and new particle formation in Xiamen, the coastal city of Southeast China in wintertime","2022","24","The Science of The Total Environment","Chinese Academy of Sciences; Institute of Urban Environment; University of Chinese Academy of Sciences","False","False","False","Jing Wang; Mengren Li; Ronghua Zheng; Xiaolong Fan; Youwei Hong; Lingling Xu; Jinsheng Chen; Baoye Hu","0","drop"
"W2053039440","Characterization of Murine Brain Membrane Glycoproteins by Detergent Assisted Lectin Affinity Chromatography","2010","23","Analytical Chemistry","University of Wisconsin–Madison","True","True","False","Xin Wei; Charles L. Dulberger","2","keep"
"W3167039358","Evaluation of Collagen Alterations in Early Precursor Lesions of High Grade Serous Ovarian Cancer by Second Harmonic Generation Microscopy and Mass Spectrometry","2021","23","Cancers","University of Wisconsin–Madison; University of Wisconsin Carbone Cancer Center","True","True","True","Kristal L. Gant; Alexander N. Jambor; Zihui Li; Eric C. Rentchler; Paul Weisman; Manish S. Patankar; Paul J. Campagnola","7","keep"
"W3177747013","Erythrocyte sphingolipid species as biomarkers of Alzheimer's disease","2021","23","Journal of Pharmaceutical Analysis","University of Wisconsin–Madison","True","True","True","Jericha Mill; Vihar Patel; Ozioma C. Okonkwo; Thomas J. Raife","4","keep"
"W3185990200","Recent Advances in Mass Spectrometry-Based Glycomic and Glycoproteomic Studies of Pancreatic Diseases","2021","23","Frontiers in Chemistry","University of Wisconsin–Madison","True","True","True","Dylan Nicholas Tabang; Megan Ford","2","keep"
"W4225161590","Analysis of the Characteristics of Ozone Pollution in the North China Plain from 2016 to 2020","2022","23","Atmosphere","Beijing Municipal Ecological and Environmental Monitoring Center; Capital Normal University","False","False","False","Xinyu Wang; Wenhui Zhao; Wenhui Zhao; Tianyue Zhang; Yun Qiu; Pengfei Ma; Lili Wang; Mi Wang; Dongyang Zheng; Wenji Zhao; Wenji Zhao","0","drop"
"W2056595337","Mass Spectral Charting of Neuropeptidomic Expression in the Stomatogastric Ganglion at Multiple Developmental Stages of the Lobster <i>Homarus americanus</i>","2012","22","ACS Chemical Neuroscience","University of Wisconsin–Madison; Highland Community College - Illinois","True","True","False","Xiaoyue Jiang; Ruibing Chen; Junhua Wang; Anita Metzler; Michael F. Tlusty","5","keep"
"W2069582697","Pressure-Assisted Capillary Electrophoresis Coupling with Matrix-Assisted Laser Desorption/Ionization-Mass Spectrometric Imaging for Quantitative Analysis of Complex Peptide Mixtures","2012","22","Analytical Chemistry","University of Wisconsin–Madison; Highland Community College - Illinois","True","True","False","Zichuan Zhang; Hui Ye; Junhua Wang; Limei Hui","4","keep"
"W2143582958","Neuropeptide analysis with liquid chromatography‐capillary electrophoresis‐mass spectrometric imaging","2012","22","Journal of Separation Science","University of Wisconsin–Madison","True","True","False","Zichuan Zhang; Chenxi Jia","2","keep"
"W4205496468","SLC13A5/sodium-citrate co-transporter overexpression causes disrupted white matter integrity and an autistic-like phenotype","2022","22","Brain Communications","University of Wisconsin–Madison","True","True","True","Michael J. Rigby; Nicola Salvatore Orefice; Alexis J. Lawton; M Ma; Samantha L. Shapiro; Sue Y. Yi; Inca A. Dieterich; Alyssa Frelka; Hannah N. Miles; Robert A. Pearce; John‐Paul J. Yu; John M. Denu; Luigi Puglielli","13","keep"
"W2033596854","Characterization of the adult zebrafish cardiac proteome using online pH gradient strong cation exchange‐RP 2D LC coupled with ESI MS/MS","2010","21","Journal of Separation Science","University of Wisconsin–Madison","True","True","False","Jiang Zhang; Kevin A. Lanham; Richard E. Peterson; Warren Heideman","4","keep"
"W4212839184","Recent Advances in Understanding of Alzheimer’s Disease Progression Through Mass Spectrometry-Based Metabolomics","2022","21","Phenomics","University of Wisconsin–Madison","True","True","False","Jericha Mill","1","keep"
"W2010441841","Poly(glycidyl methacrylate‐divinylbenzene) based immobilized pH gradient capillary isoelectric focusing coupling with MALDI mass spectrometry for enhanced neuropeptide analysis","2012","20","Electrophoresis","University of Wisconsin–Madison","True","True","False","Zichuan Zhang; Junhua Wang; Limei Hui","3","keep"
"W2947344077","Multifaceted Mass Spectrometric Investigation of Neuropeptide Changes in Atlantic Blue Crab, <i>Callinectes sapidus</i>, in Response to Low pH Stress","2019","20","Journal of Proteome Research","University of Wisconsin–Madison; Highland Community College - Illinois","True","True","False","Yang Liu; Amanda R. Buchberger; Kellen DeLaney; Zihui Li","4","keep"
"W4295437667","Quantitative Analysis and Structural Elucidation of Fatty Acids by Isobaric Multiplex Labeling Reagents for Carbonyl-Containing Compound (SUGAR) Tags and <i>m</i>-CPBA Epoxidation","2022","20","Analytical Chemistry","University of Wisconsin–Madison","True","True","True","Feng Yu; Yanni Lv; Ting‐Jia Gu; Bingming Chen","4","keep"
"W2745065893","Mass Defect-Based Dimethyl Pyrimidinyl Ornithine (DiPyrO) Tags for Multiplex Quantitative Proteomics","2017","19","Analytical Chemistry","University of Wisconsin–Madison","True","True","True","Dustin C. Frost; Amanda R. Buchberger","2","keep"
"W3135082319","Mass Spectrometric Profiling of Neuropeptides in Response to Copper Toxicity via Isobaric Tagging","2021","19","Chemical Research in Toxicology","University of Wisconsin–Madison","True","True","True","Christopher S. Sauer","1","keep"
"W3212189700","Review of Recent Advances in Lipid Analysis of Biological Samples via Ambient Ionization Mass Spectrometry","2021","19","Metabolites","University of Wisconsin–Madison","True","False","False","Haiyan Lu; Hua Zhang; Shuling Xu","3","keep"
"W4380291971","DiLeu Isobaric Labeling Coupled with Limited Proteolysis Mass Spectrometry for High-Throughput Profiling of Protein Structural Changes in Alzheimer’s Disease","2023","19","Analytical Chemistry","University of Wisconsin–Madison","True","True","True","Haiyan Lu; Bin Wang; Yuan Liu; Danqing Wang; Lauren Fields; Hua Zhang; Miyang Li; Xudong Shi; Henrik Zetterberg","9","keep"
"W4396536806","Biogenic volatile organic compounds in forest therapy base: A source of air pollutants or a healthcare function?","2024","19","The Science of The Total Environment","Beijing Municipal Ecological and Environmental Monitoring Center","False","False","False","Wu Ju; Qiang Wang; Chengyang Xu; Xiaoxiu Lun; Luxi Wang; Yanshan Gao; Liang Huang; Qiang Zhang; Baoxian Liu; Haixuan Liu; Lijuan Xu","0","drop"
"W2422228333","Investigation of signaling molecules and metabolites found in crustacean hemolymph via <i>in vivo</i> microdialysis using a multifaceted mass spectrometric platform","2015","18","Electrophoresis","University of Wisconsin–Madison; Tianjin University; Nankai University","True","False","True","Shan Jiang; Zhidan Liang; Ling Hao","3","keep"
"W3151120635","Spatial and temporal variation characteristics of atmospheric NO2 and SO2 in the Beijing-Tianjin-Hebei region before and after the COVID-19 outbreak","2021","18","Air Quality Atmosphere & Health","Beijing Municipal Ecological and Environmental Monitoring Center","False","False","False","Nanchi Shen; Xue Zhao; Bingfeng Zhou; Fuzhou Duan; Wenji Zhao","0","drop"
"W3175461440","Mass spectrometry profiling and quantitation of changes in circulating hormones secreted over time in Cancer borealis hemolymph due to feeding behavior","2021","18","Analytical and Bioanalytical Chemistry","University of Wisconsin–Madison","True","True","False","Kellen DeLaney; Mengzhou Hu; Wenxin Wu; Michael P. Nusbaum","4","keep"
"W3192876423","Developing mass spectrometry for the quantitative analysis of neuropeptides","2021","18","Expert Review of Proteomics","University of Wisconsin–Madison","True","True","True","Christopher S. Sauer; Ashley Phetsanthad; Olga Riusech","3","keep"
"W4313450253","Meteorological mechanisms of regional PM2.5 and O3 transport in the North China Plain driven by the East Asian monsoon","2022","18","Atmospheric Pollution Research","Beijing Municipal Ecological and Environmental Monitoring Center; Capital Normal University","False","False","False","Shuang Liu; Wen-Hui Zhao; Wen-Hui Zhao; Jiannan Jin; Tian-Ze Li; Haitao Xu; Wenji Zhao; Wenji Zhao","0","drop"
"W4376872460","ATP-Coated Dual-Functionalized Titanium(IV) IMAC Material for Simultaneous Enrichment and Separation of Glycopeptides and Phosphopeptides","2023","18","Journal of Proteome Research","University of Wisconsin–Madison","True","True","False","Danqing Wang; Junfeng Huang; Haoran Zhang; M Ma; Meng Xu; Yusi Cui; Xudong Shi","7","keep"
"W2794794747","Clemastine effects in rat models of a myelination disorder","2018","17","Pediatric Research","University of Wisconsin–Madison","True","True","False","C Turski; Gabrielle N. Turski; Bingming Chen; Hauhui Wang; Moones Heidari; Kazuma Noguchi; Cara J. Westmark; Ian D. Duncan; Chrysanthy Ikonomidou","9","keep"
"W2958550032","Rapid MALDI‐TOF molecular imaging: Instrument enhancements and their practical consequences","2019","17","Journal of Mass Spectrometry","University of Wisconsin–Madison","True","True","True","Marvin L. Vestal; Evgenia Dobrinskikh; Yatao Shi; Bowen Wang; Xudong Shi; Sicheng Li; C. H. Vestal; Kenneth C. Parker","8","keep"
"W3024463739","Isobaric Labeling Strategy Utilizing 4-Plex <i>N</i>,<i>N</i>-Dimethyl Leucine (DiLeu) Tags Reveals Proteomic Changes Induced by Chemotherapy in Cerebrospinal Fluid of Children with B-Cell Acute Lymphoblastic Leukemia","2020","17","Journal of Proteome Research","University of Wisconsin–Madison","True","True","False","Qinying Yu; Xiaofang Zhong; Bingming Chen; Feng Yu; M Ma; Carol Diamond; Julie Voeller; Miriam Kim; Kenneth B. DeSantes; Christian M. Capitini; Neha Patel; Margo Hoover‐Regan; Michael J. Burke; Kimberly Janko; Diane Puccetti; Chrysanthy Ikonomidou","16","keep"
"W4387440098","Cotton Ti-IMAC: Developing Phosphorylated Cotton as a Novel Platform for Phosphopeptide Enrichment","2023","17","ACS Applied Materials & Interfaces","University of Wisconsin–Madison","True","True","False","Danqing Wang; Junfeng Huang; Haoran Zhang; Ting‐Jia Gu","4","keep"
"W4206926146","On-tissue amidation of sialic acid with aniline for sensitive imaging of sialylated N-glycans from FFPE tissue sections via MALDI mass spectrometry","2022","16","Analytical and Bioanalytical Chemistry","University of Wisconsin–Madison","True","True","False","Hua Zhang; Xudong Shi; Yuan Liu; Bin Wang; Meng Xu; Nathan V. Welham","6","keep"
"W4224444055","Selective Enrichment of Sialylglycopeptides Enabled by Click Chemistry and Dynamic Covalent Exchange","2022","16","Analytical Chemistry","University of Wisconsin–Madison","True","True","True","Miyang Li; Junfeng Huang; M Ma; Xudong Shi","4","keep"
"W3081234015","Mass Spectrometric Profiling of Neuropeptides in<i>Callinectes sapidus</i>during Hypoxia Stress","2020","15","ACS Chemical Neuroscience","University of Wisconsin–Madison","True","True","True","Amanda R. Buchberger; Kellen DeLaney; Yang Liu; Nhu Q. Vu; Kylie Helfenbein","5","keep"
"W3118738407","Complementary neuropeptide detection in crustacean brain by mass spectrometry imaging using formalin and alternative aqueous tissue washes","2021","15","Analytical and Bioanalytical Chemistry","University of Wisconsin–Madison","True","True","True","Nhu Q. Vu; Amanda R. Buchberger; Jillian Johnson","3","keep"
"W4200436591","Sorbitol accumulation decreases oocyte quality in aged mice by altering the intracellular redox balance","2021","15","Aging","Nanjing Medical University","False","False","False","Yuexin Zhang; Zhengjie Yan; Hanwen Liu; Chun Yuan; Lianju Qin; Lingbo Cai; Jiayin Liu; Yanqiu Hu; Yugui Cui","0","drop"
"W4311288744","Enabling Global Analysis of Protein Citrullination via Biotin Thiol Tag-Assisted Mass Spectrometry","2022","15","Analytical Chemistry","University of Wisconsin–Madison","True","True","True","Yatao Shi; Zihui Li; Bin Wang; Xudong Shi; Hui Ye; Daniel G. Delafield; Langlang Lv; Zhengqing Ye; Zhengwei Chen; Fengfei Ma","10","keep"
"W4318068894","High-Throughput Quantitative Glycomics Enabled by 12-plex Isobaric Multiplex Labeling Reagents for Carbonyl-Containing Compound (SUGAR) Tags","2023","15","Journal of Proteome Research","University of Wisconsin–Madison","True","True","True","Miyang Li; Feng Yu; M Ma; Arvinder Kapur; Manish S. Patankar","5","keep"
"W4324326953","Definitive Screening Designs to Optimize Library-Free DIA-MS Identification and Quantification of Neuropeptides","2023","15","Journal of Proteome Research","University of Wisconsin–Madison","True","True","True","Ashley Phetsanthad; Austin V. Carr; Lauren Fields","3","keep"
"W4366224836","Advances in dermatological application of GelMA hydrogel microneedles","2023","15","Skin Research and Technology","Chinese Academy of Medical Sciences & Peking Union Medical College; Chinese Academy of Medical Sciences Dermatology Hospital","False","False","False","Hongyang Li; Jiayi Li; Jingjing Xu; Yurong Wang; Chunhui Liu; Jia Zhou","0","drop"
"W2946278827","Omics Technologies to Understand Activation of a Biosynthetic Gene Cluster in <i>Micromonospora</i> sp. WMMB235: Deciphering Keyicin Biosynthesis","2019","14","ACS Chemical Biology","University of Wisconsin–Madison","True","False","False","Deepa Acharya; Ian Miller; Yusi Cui; Doug R. Braun; Mark E. Berres; Matthew J. Styles; Jason C. Kwan; Scott R. Rajski; Helen E. Blackwell; Tim S. Bugni","4","keep"
"W4319301719","Structural Proteomic Profiling of Cerebrospinal Fluids to Reveal Novel Conformational Biomarkers for Alzheimer’s Disease","2023","14","Journal of the American Society for Mass Spectrometry","University of Wisconsin–Madison","True","True","True","Bin Wang; Xiaofang Zhong; Lauren Fields; Haiyan Lu; Zexin Zhu","5","keep"
"W4384664949","Chemical tagging mass spectrometry: an approach for single-cell omics","2023","14","Analytical and Bioanalytical Chemistry","University of Wisconsin–Madison; Wisconsin Institutes for Discovery","True","True","False","Haiyan Lu; Hua Zhang","2","keep"
"W4388827654","6-Plex <i>md</i>SUGAR Isobaric-Labeling Guide Fingerprint Embedding for Glycomics Analysis","2023","14","Analytical Chemistry","University of Wisconsin–Madison","True","False","False","M Ma; Miyang Li; Yinlong Zhu; Yingyi Zhao; Feixuan Wu; Zicong Wang; Feng Yu; Hung-Yu Chiang; Manish S. Patankar; Cheng Chang","8","keep"
"W3045877582","Neuropeptidomic Profiling and Localization in the Crustacean Cardiac Ganglion Using Mass Spectrometry Imaging with Multiple Platforms","2020","13","Journal of the American Society for Mass Spectrometry","University of Wisconsin–Madison","True","True","True","Kellen DeLaney","1","keep"
"W4206612050","The transcriptional elongation factor CTR9 demarcates PRC2-mediated H3K27me3 domains by altering PRC2 subtype equilibrium","2022","13","Nucleic Acids Research","University of Wisconsin–Madison","True","True","True","Ngai Ting Chan; Junfeng Huang; Gui Ma; Hao Zeng; Kristine Donahue; Yidan Wang; Wei Xu","7","keep"
"W4379967214","Site-specific chirality-conferred structural compaction differentially mediates the cytotoxicity of Aβ42","2023","13","Chemical Science","University of Wisconsin–Madison","True","True","False","Gongyu Li; Chae Kyung Jeon; M Ma; Yifei Jia; Zhen Zheng; Daniel G. Delafield; Gaoyuan Lu; Elena V. Romanova; Jonathan V. Sweedler; Brandon T. Ruotolo","10","keep"
"W4386860101","Integrated omic profiling of the medicinal mushroom Inonotus obliquus under submerged conditions","2023","13","BMC Genomics","","False","False","False","Jinghua Hao; Xiaoli Wang; Yanhua Shi; Jinxin Chu; Junjie Li; Weiping Lin; Tao Yu; Dianhai Hou","0","drop"
"W4391882891","Diazobutanone-assisted isobaric labelling of phospholipids and sulfated glycolipids enables multiplexed quantitative lipidomics using tandem mass spectrometry","2024","13","Nature Chemistry","University of Wisconsin–Madison","True","False","False","Ting‐Jia Gu; Peng-Kai Liu; Yen‐Wen Wang; Matthew T. Flowers; Shuling Xu; Yuan Liu; Dawn Belt Davis","4","keep"
"W3215528912","Effects of gold nanoparticles combined with human β-defensin 3 on the alveolar bone loss of periodontitis in rat","2021","12","BioMedical Engineering OnLine","Nanjing University","False","False","False","Jing Zhou; Di Cui; Xiao‐Ting Xie; Wenrong Yang; Fuhua Yan","0","drop"
"W4213102333","Nanosecond Photochemical Reaction for Enhanced Identification, Quantification, and Visualization of Primary Amine-Containing Metabolites by MALDI-Mass Spectrometry","2022","12","Analytical Chemistry","University of Wisconsin–Madison","True","True","True","Yuan Liu; Gongyu Li; Ting‐Jia Gu","3","keep"
"W4289170433","Simultaneous multiplexed quantification and C=C localization of fatty acids with LC-MS/MS using isobaric multiplex reagents for carbonyl-containing compound (SUGAR) tags and C=C epoxidation","2022","12","Analytica Chimica Acta","University of Wisconsin–Madison","True","True","False","Ting‐Jia Gu; Feng Yu; Danqing Wang","3","keep"
"W4390561397","A crustacean neuropeptide spectral library for data‐independent acquisition (DIA) mass spectrometry applications","2024","12","PROTEOMICS","University of Wisconsin–Madison","True","False","False","Lauren Fields; M Ma; Kellen DeLaney; Ashley Phetsanthad","4","keep"
"W4392359170","EndoGenius: Optimized Neuropeptide Identification from Mass Spectrometry Datasets","2024","12","Journal of Proteome Research","University of Wisconsin–Madison","True","False","False","Lauren Fields; Nhu Q. Vu; Tina C. Dang; Hsu-Ching Yen; M Ma; Wenxin Wu; Mitchell Gray","6","keep"
"W4395004543","Neuropeptidomics of the American Lobster <i>Homarus americanus</i>","2024","12","Journal of Proteome Research","University of Wisconsin–Madison","True","False","False","Gaoyuan Lu; Vu Ngoc Huong Tran; Wenxin Wu; M Ma","3","keep"
"W4396547495","Probing Protein Structural Changes in Alzheimer’s Disease via Quantitative Cross-linking Mass Spectrometry","2024","12","Analytical Chemistry","University of Wisconsin–Madison","True","False","False","Zexin Zhu; Xiaofang Zhong; Bin Wang; Haiyan Lu","4","keep"
"W4210279392","12-Plex DiLeu Isobaric Labeling Enabled High-Throughput Investigation of Citrullination Alterations in the DNA Damage Response","2022","11","Analytical Chemistry","University of Wisconsin–Madison","True","True","True","Zihui Li; Bin Wang; Qinying Yu; Yatao Shi","4","keep"
"W4295747921","Heavy Metal Pollution Characteristics and Source Analysis in the Dust Fall on Buildings of Different Heights","2022","11","International Journal of Environmental Research and Public Health","Beijing Municipal Ecological and Environmental Monitoring Center","False","False","False","Hanyang Song; Jinxiang Li; Jie Dong; Wenxing Hou; Ran Yang; Shanwen Zhang; Sida Zu; Pengfei Ma; Wenji Zhao","0","drop"
"W4383874049","Expedited Evaluation of Conformational Stability–Heterogeneity Associations for Crude Polyclonal Antibodies in Response to Conjugate Vaccines","2023","11","Analytical Chemistry","University of Wisconsin–Madison","True","True","False","Zhen Zheng; M Ma; Yifei Jia; Yusi Cui; Rui Zhao; Shuangshuang Li; Cody J. Wenthur; Gongyu Li","8","keep"
"W4399367595","OGA mutant aberrantly hydrolyzes O-GlcNAc modification from PDLIM7 to modulate p53 and cytoskeleton in promoting cancer cell malignancy","2024","11","Proceedings of the National Academy of Sciences","University of Wisconsin–Madison","True","False","False","Chia‐Wei Hu; Ao Wang; Dacheng Fan; Matthew Worth; Zhengwei Chen; Junfeng Huang; Jinshan Xie; John F. MacDonald; Jiaoyang Jiang","6","keep"
"W4315927746","Composite Multidimensional Ion Mobility-Mass Spectrometry for Improved Differentiation of Stereochemical Modifications","2023","10","Analytical Chemistry","University of Wisconsin–Madison","True","True","True","Xia Xu; Li Han; Zhen Zheng; Rui Zhao; Xueguang Shao; Gongyu Li","6","keep"
"W4383186877","Global Neuropeptidome Profiling in Response to Predator Stress in Rat: Implications for Post-Traumatic Stress Disorder","2023","10","Journal of the American Society for Mass Spectrometry","University of Wisconsin–Madison","True","True","True","Wenxin Wu; M Ma; Angel Erbey Ibarra; Gaoyuan Lu; Vaishali P. Bakshi","5","keep"
"W4396862367","The subcommissural organ regulates brain development via secreted peptides","2024","9","Nature Neuroscience","University of Wisconsin–Madison","True","False","False","Tingting Zhang; Daosheng Ai; Pingli Wei; Ying Xu; Zhanying Bi; Fengfei Ma; Fengzhi Li; Xing-jun Chen; Zhaohuan Zhang; Xiaoxiao Zou; Zongpei Guo; Yue Zhao; Jun-Liszt Li; Meng Ye; Ziyan Feng; Xinshuang Zhang; Lijun Zheng; Jie Yu; Chunli Li; Tianqi Tu; Hongkui Zeng; Jianfeng Lei; Hongqi Zhang; Tao Hong; Li Zhang; Benyan Luo; Zhen Li; Chao Xing; Chenxi Jia; Wenzhi Sun; Woo‐Ping Ge","4","keep"
"W4312077278","Recent advances in characterization of citrullination and its implication in human disease research: From method development to network integration","2022","8","PROTEOMICS","University of Wisconsin–Madison; Wisconsin Institutes for Discovery","True","True","True","Bin Wang; Lauren Fields","2","keep"
"W4319333212","Toxicoproteomics of Mono(2-ethylhexyl) phthalate and Perfluorooctanesulfonic Acid in Models of Prostatic Diseases","2023","8","Chemical Research in Toxicology","University of Wisconsin–Madison","True","True","True","Samuel Thomas; William A. Ricke","2","keep"
"W4402311555","Seasonal biogenic volatile organic compound emission factors in temperate tree species: Implications for emission estimation and ozone formation","2024","8","Environmental Pollution","Beijing Forestry University; Beijing Municipal Ecological and Environmental Monitoring Center","False","False","False","Wu Ju; Qiang Zhang; Luxi Wang; Luxi Wang; Xiaoxiu Lun; Wenbin Chen; Yanshan Gao; Liang Huang; Qiang Wang; Baoxian Liu","0","drop"
"W4408883924","Measurement report: The variation properties of aerosol hygroscopic growth related to chemical composition during new particle formation days in a coastal city of Southeast China","2025","8","Atmospheric chemistry and physics","Chinese Academy of Sciences; Institute of Urban Environment; University of Chinese Academy of Sciences","False","False","False","Mengren Li; Xiaolong Fan; Yuping Chen; Ziyi Lin; Anqi Hou; Siqing Zhang; Ronghua Zheng; Jinsheng Chen","0","drop"
"W4408954195","An inherently safer design approach for thermal runaway risk control of plug flow reactors based on process safety time","2025","8","Chemical Engineering Journal","Dalian University of Technology; Dalian University","False","False","False","Jing Han; Haotian Ye; Siqi Sun; Fengyi Liu","0","drop"
"W3041575828","Highly multiplexed quantitative proteomic and phosphoproteomic analyses in vascular smooth muscle cell dedifferentiation","2020","7","Analytica Chimica Acta","University of Wisconsin–Madison","True","True","False","Xiaofang Zhong; Christopher B. Lietz; Xudong Shi; Amanda R. Buchberger; Dustin C. Frost","5","keep"
"W4390664748","<scp> <i>PAX2</i> </scp> is regulated by estrogen/progesterone through promoter methylation in endometrioid adenocarcinoma and has an important role in carcinogenesis via the <scp>AKT</scp> / <scp>mTOR</scp> signaling pathway","2024","7","The Journal of Pathology","First People’s Hospital of Jingmen; Third Affiliated Hospital of Guangzhou Medical University; Guangzhou Medical University","False","False","False","Hui Chen; Huimin Liu; Ping Qin; Ruichao Chen; Shaoyan Liu; Hanzhen Xiong; Yang Li; Zhongfeng Yang; Mingyu Xie; Haili Yang; Qingping Jiang","0","drop"
"W4400793084","Research and development of microenvironment’s influence on stem cells from the apical papilla – construction of novel research microdevices: tooth-on-a-chip","2024","7","Biomedical Microdevices","University of Chinese Academy of Sciences","False","False","False","Hexuan Zhang; Xiaoqiang Sun; Benxiang Hou; Chunxiong Luo","0","drop"
"W4401026903","MotifQuest: An Automated Pipeline for Motif Database Creation to Improve Peptidomics Database Searching Programs","2024","7","Journal of the American Society for Mass Spectrometry","University of Wisconsin–Madison","True","False","False","Tina C. Dang; Lauren Fields","1","keep"
"W4409290622","Proteome-Wide Investigation of Proline Hydroxylation in Pancreatic Ductal Adenocarcinoma Using DiLeu Isobaric Labeling Strategy","2025","7","Molecular & Cellular Proteomics","University of Wisconsin–Madison","True","False","False","Feixuan Wu; Dylan Nicholas Tabang; Danqing Wang; Jon S. Odorico","4","keep"
"W4412464727","Development of Potent and Selective RIPK1 Degraders Targeting Its Nonenzymatic Function for Cancer Treatment","2025","7","Journal of Medicinal Chemistry","University of Wisconsin–Madison","True","False","False","Zhen Zhang; Chunrong Li; Nina Hawkins; Ramesh Mudududdla; Yiming Nie; Peng-Kai Liu; Penghsuan Huang; Natalia M. Del Rio; Hao Chang; Matthew E. Brown; Weiping Tang","4","keep"
"W4391304276","Mass Spectrometry-Based Precise Identification of Citrullinated Histones via Limited Digestion and Biotin Derivative Tag Enrichment","2024","6","Analytical Chemistry","University of Wisconsin–Madison","True","False","False","Bin Wang; Zihui Li; Yatao Shi; Zexin Zhu; Lauren Fields; Miriam A. Shelef","5","keep"
"W4408244078","Paternal Obesity‐Induced H3K27me3 Elevation Leads to MANF‐Mediated Transgenerational Metabolic Dysfunction in Female Offspring","2025","6","Advanced Science","Soochow University; First Affiliated Hospital of Soochow University","False","False","False","Yajun Shi; Weisheng Li; Xi Yu; Yan Zhao; Dan Zhu; Yueyang Song; Zejun Zhao; Yannan Gu; Bin Wei; Dongyi Yu; Pengjie Zhang; Qinqin Gao; Miao Sun","0","drop"
"W4411665865","Recent advances in chemical proteomics for protein profiling and targeted degradation","2025","6","Current Opinion in Chemical Biology","University of Wisconsin–Madison","True","False","False","Peng-Kai Liu; Zicong Wang","2","keep"
"W4413112222","Enhancing Lipidomics With High‐Resolution Ion Mobility‐Mass Spectrometry","2025","5","PROTEOMICS","University of Wisconsin System; University of Wisconsin–Madison; Wisconsin Institutes for Discovery","True","False","False","Gaoyuan Lu; Shuling Xu; Penghsuan Huang","3","keep"
"W4410855808","CARM1-Mediated MAP2K4 Methylation Potentiates the Oncogenic Functions of MAP2K4 and Constitutes a Targetable Dependency in Triple-Negative Breast Cancer","2025","4","Cancer Research","University of Wisconsin–Madison","True","False","False","Eui‐Jun Kim; Yidan Wang; Yulin Chen; M Ma; Peng Liu; Megan S. Bacabac; Jingjing Zhou; Christopher J. Fry; Jordan R. Hoffman; Menggang Yu; Aussie Suzuki; Shulin Li; Wei Xu","6","keep"
"W4415717216","Single-cell mass spectrometry imaging: emerging advancements and future insights","2025","4","Analytica Chimica Acta","University of Wisconsin–Madison","True","True","False","Hua Zhang; Malik Ebbini; Thao Duong; Kendra G. Selby; K. Lu; Emily M. Hubecky; Haiyan Lu","7","keep"
"W4417028023","Measurement report: High contribution of N <sub>2</sub> O <sub>5</sub> uptake to particulate nitrate formation in NO <sub>2</sub> -limited urban areas","2025","3","Atmospheric chemistry and physics","Institute of Urban Environment; University of Chinese Academy of Sciences","False","False","False","Ziyi Lin; Chuanyou Ying; Lingling Xu; Xiaoting Ji; Keran Zhang; Feng Zhang; Gaojie Chen; Chen Yang; Yuping Chen; Ziying Chen; Jinsheng Chen","0","drop"
"W4414090099","Overexpression of ATase1 and ATase2 disrupts the secretome and causes a progeria phenotype","2025","2","Life Science Alliance","University of Wisconsin–Madison; Madison Group (United States)","True","False","False","T. S. Cheng; Feixuan Wu; Md. Ezazul Haque; Abigail Thiel; Danqing Wang; Jeffrey Helgager; Luigi Puglielli","3","keep"
"W1965819182","De Novo Sequencing of Neuropeptides Using Reductive Isotopic Methylation and Investigation of ESI QTOF MS/MS Fragmentation Pattern of Neuropeptides with N-Terminal Dimethylation","2005","105","Analytical Chemistry","University of Wisconsin–Madison","True","True","False","Qiang Fu","1","keep"
"W1982044520","In Situ Sequencing of Peptides from Biological Tissues and Single Cells Using MALDI−PSD/CID Analysis","1999","95","Analytical Chemistry","University of Illinois Urbana-Champaign","True","True","False","Rebecca W. Garden; Elena V. Romanova; Jonathan V. Sweedler","3","keep"
"W1986872779","Proteolytic processing of the <i>Aplysia</i> egg-laying hormone prohormone","1998","94","Proceedings of the National Academy of Sciences","University of Illinois Urbana-Champaign","True","False","False","Rebecca W. Garden; Scott A. Shippy; Tatiana P. Moroz; Jonathan V. Sweedler","3","keep"
"W2061672127","Mass spectrometric survey of interganglionically transported peptides in aplysia","1998","60","Peptides","University of Illinois Urbana-Champaign","True","True","False","Tatiana P. Moroz; Rebecca W. Garden; Philip D. Floyd; Klaudiusz R. Weiss; Jonathan V. Sweedler","5","keep"
"W2038238260","Mass spectrometric map of neuropeptide expression in <i>Ascaris suum</i>","2005","52","The Journal of Comparative Neurology","University of Wisconsin–Madison","True","True","False","Joanne Y. Yew; Kimberly K. Kutz; Sergei Dikler; Lynn A. Messinger; Antony O.W. Stretton","5","keep"
"W2089018531","Enhanced Neuropeptide Profiling via Capillary Electrophoresis Off-Line Coupled with MALDI FTMS","2008","48","Analytical Chemistry","University of Wisconsin–Madison","True","True","False","Junhua Wang; Mingming Ma; Ruibing Chen","3","keep"
"W2010162928","Identification of a New Neuropeptide Precursor Reveals a Novel Source of Extrinsic Modulation in the Feeding System of<i>Aplysia</i>","2005","41","Journal of Neuroscience","University of Wisconsin–Madison","True","False","False","Alex Proekt; Ferdinand S. Vilim; Vera Alexeeva; Vladimír Březina; Allyson K. Friedman; Jian Jing; Yuriy Zhurov; Jonathan V. Sweedler; Klaudiusz R. Weiss","4","keep"
"W2071222103","Novel isotopic <i>N</i>,<i>N</i>-Dimethyl Leucine (iDiLeu) Reagents Enable Absolute Quantification of Peptides and Proteins Using a Standard Curve Approach","2014","41","Journal of the American Society for Mass Spectrometry","University of Wisconsin–Madison","True","True","False","Tyler Greer; Christopher B. Lietz; Feng Xiang","3","keep"
"W1968599646","Mass spectrometric characterization of crustacean hyperglycemic hormone precursor-related peptides (CPRPs) from the sinus gland of the crab, Cancer productus","2005","39","Peptides","University of Wisconsin–Madison; Highland Community College - Illinois","True","True","False","Qiang Fu; Andrew E. Christie","2","keep"
"W2041238814","Complexin I is required for mammalian sperm acrosomal exocytosis","2007","37","Developmental Biology","University of Wisconsin–Madison; Highland Community College - Illinois","True","True","False","Longmei Zhao; Heather R. Burkin; Xudong Shi; Kerstin Reim; David J. Miller","5","keep"
"W2531115427","Examination of Endogenous Peptides in <i>Medicago truncatula</i> Using Mass Spectrometry Imaging","2016","34","Journal of Proteome Research","University of Wisconsin–Madison","True","False","True","Erin Gemperline; Caitlin Keller; Dhileepkumar Jayaraman; Junko Maëda; Michael R. Sussman; Jean‐Michel Ané","6","keep"
"W2766375531","Electrophilic probes for deciphering substrate recognition by O-GlcNAc transferase","2017","34","Nature Chemical Biology","University of Wisconsin–Madison","True","True","True","Chia‐Wei Hu; Matthew Worth; Dacheng Fan; Baobin Li; Hao Li; Lei Lü; Xiaofang Zhong; Ziqing Lin; Liming Wei; Ying Ge; Jiaoyang Jiang","11","keep"
"W2005746165","Cellular Excitability and the Regulation of Functional Neuronal Identity: From Gene Expression to Neuromodulation","2006","33","Journal of Neuroscience","University of Wisconsin–Madison","True","False","False","David J. Schulz; Richard A. Baines; Chris M. Hempel; Birgit Liss; Hiroaki Misonou","0","keep"
"W1983910935","Combining Bottom-Up and Top-Down Mass Spectrometric Strategies for De Novo Sequencing of the Crustacean Hyperglycemic Hormone from Cancer borealis","2008","32","Analytical Chemistry","University of Wisconsin System; University of Wisconsin–Madison","True","True","True","Mingming Ma; Ruibing Chen; Ying Ge; Huan He; Alan G. Marshall","5","keep"
"W1539981706","Mass spectrometry-based proteomics and peptidomics for biomarker discovery in neurodegenerative diseases.","2009","30","PubMed","","False","True","False","Xin Wei","1","keep"
"W3012185270","Proteomic Modulation in the Dorsal Spinal Cord Following Spinal Cord Stimulation Therapy in an In Vivo Neuropathic Pain Model","2020","30","Neuromodulation Technology at the Neural Interface","University of Wisconsin–Madison","True","True","True","Dana Tilley; Christopher B. Lietz; David L. Cedeño; Courtney A. Kelley; Ricardo Vallejo","5","keep"
"W2034083624","A yeast display immunoprecipitation method for efficient isolation and characterization of antigens","2008","28","Journal of Immunological Methods","University of Wisconsin–Madison","True","True","False","Yong Ku Cho; Irene A. Chen; Xin Wei; Eric V. Shusta","4","keep"
"W2194948815","Hippocampal NMDAR-Wnt-Catenin signaling disrupted with cognitive deficits in adolescent offspring exposed to prenatal hypoxia","2015","28","Brain Research","Soochow University; First Affiliated Hospital of Soochow University","False","False","False","Bin Wei; Axin He; Yingying Zhang; Miao Sun; Zhice Xu","0","drop"
"W2556156796","Structural Characterization of Monomers and Oligomers of D-Amino Acid-Containing Peptides Using T-Wave Ion Mobility Mass Spectrometry","2016","28","Journal of the American Society for Mass Spectrometry","University of Wisconsin–Madison; Tianjin University","True","True","True","Xueqin Pang; Chenxi Jia; Zhengwei Chen","3","keep"
"W2769300889","Targeted MultiNotch MS<sup>3</sup> Approach for Relative Quantification of N-Glycans Using Multiplexed Carbonyl-Reactive Isobaric Tags","2017","28","Analytical Chemistry","University of Wisconsin–Madison","True","True","True","Bingming Chen; Xuefei Zhong; Feng Yu; Sergei I. Snovida; Meng Xu; John Rogers","6","keep"
"W2012653136","Pesticide Application and Increased Dioxin Body Burden in Male and Female Agricultural Workers in China","1996","27","Journal of Occupational and Environmental Medicine","State University of New York; Berufsgenossenschaft für Gesundheitsdienst und Wohlfahrtspflege; Research Center for Eco-Environmental Sciences","False","True","False","Arnold Schecter; Ke Jiang; Peter Fürst; Christiane Fürst; Olaf Päpke","5","keep"
"W2792343619","Neuropeptidomics of the Rat Habenular Nuclei","2018","27","Journal of Proteome Research","University of Wisconsin–Madison","True","False","True","Ning Yang; Krishna D. B. Anapindi; Stanislav S. Rubakhin; Pingli Wei; Qing Yu; Paul J. Kenny; Jonathan V. Sweedler","7","keep"
"W2275695103","Matrix-assisted ionization vacuum for protein detection, fragmentation and PTM analysis on a high resolution linear ion trap-orbitrap platform","2016","26","Analytica Chimica Acta","University of Wisconsin–Madison","True","True","True","Bingming Chen; Christopher B. Lietz; Chuanzi OuYang; Xuefei Zhong; Meng Xu","5","keep"
"W2587439839","Restenosis Inhibition and Re-differentiation of TGFβ/Smad3-activated Smooth Muscle Cells by Resveratrol","2017","26","Scientific Reports","University of Wisconsin–Madison; Tianjin University","True","True","True","Yichen Zhu; Toshio Takayama; Bowen Wang; Alycia Kent; Mengxue Zhang; Bernard Y.K. Binder; Go Urabe; Yatao Shi; Daniel DiRenzo; Shakti A. Goel; Yifan Zhou; Christopher J. Little; Drew A. Roenneburg; Xu Shi; William L. Murphy; K. Craig Kent; Jianjuan Ke; Lian‐Wang Guo","18","keep"
"W2972477261","Mass Spectrometry Imaging of N-Glycans from Formalin-Fixed Paraffin-Embedded Tissue Sections Using a Novel Subatmospheric Pressure Ionization Source","2019","26","Analytical Chemistry","University of Wisconsin–Madison","True","True","False","Yatao Shi; Zihui Li; Mildred Felder; Qinying Yu; Xudong Shi; Yajing Peng; Qinjingwen Cao; Bin Wang; Luigi Puglielli; Manish S. Patankar","10","keep"
"W2049284408","Analysing complete genome sequence of swine hepatitis E virus (HEV), strain CHN-XJ-SW13 isolated from Xinjiang, China: Putative host range, and disease severity determinants in HEV","2011","25","Infection Genetics and Evolution","Peking University","False","False","False","Hongwei Fu; Ling Wang; Yonghong Zhu; Jiabao Geng; Xiaojuan Wang; Qiuning Bu; Hui Zhuang","0","drop"
"W2985870061","Capillary electrophoresis coupled to MALDI mass spectrometry imaging with large volume sample stacking injection for improved coverage of <i>C. borealis</i> neuropeptidome","2019","25","The Analyst","University of Wisconsin–Madison; Madison Group (United States)","True","True","True","Kellen DeLaney","1","keep"
"W3041908969","Mass Defect-Based DiLeu Tagging for Multiplexed Data-Independent Acquisition","2020","25","Analytical Chemistry","University of Wisconsin–Madison","True","True","False","Xiaofang Zhong; Dustin C. Frost; Qinying Yu; Miyang Li; Ting‐Jia Gu","5","keep"
"W2142616739","Comparison of NIMS and MALDI platforms for neuropeptide and lipid mass spectrometric imaging in C. borealis brain tissue","2013","24","Analytical Methods","University of Wisconsin–Madison","True","True","False","Robert M. Sturm; Tyler Greer; Ruibing Chen; Broderick Hensen","4","keep"
"W2765712976","Development of Potent, Protease-Resistant Agonists of the Parathyroid Hormone Receptor with Broad β Residue Distribution","2017","24","Journal of Medicinal Chemistry","University of Wisconsin–Madison","True","True","True","Ross W. Cheloha; Bingming Chen; Niyanta Kumar; Tomoyuki Watanabe; Robert G. Thorne; Thomas J. Gardella; Samuel H. Gellman","7","keep"
"W2893013086","Trimetaphosphate Activates Prebiotic Peptide Synthesis across a Wide Range of Temperature and pH","2018","24","Origins of Life and Evolution of Biospheres","University of Wisconsin–Madison","True","True","True","Izabela Sibilska; Yu Li Feng; John Yin","3","keep"
"W2091756180","Swine hepatitis E virus in rural southern China: genetic characterization and experimental infection in rhesus monkeys (Macaca mulatta)","2008","22","Journal of Gastroenterology","Peking University","False","False","False","JI Yan-li; Yong-hong Zhu; Jingrui Liang; Xianfei Wei; Xi Yang; Ling Wang; Yibin Chang; Ronglan Tang; Hui Zhuang","0","drop"
"W2791494153","Simultaneous identification of the anaphylactoid components from traditional Chinese medicine injections using rat basophilic leukemia 2H3 and laboratory of allergic disease 2 dual‐mixed/cell membrane chromatography model","2018","22","Electrophoresis","University of Wisconsin–Madison; Tianjin University","True","True","False","Shengli Han; Yanni Lv; Liyun Kong; Yueming Sun; Jia Fu; Langchong He","6","keep"
"W2803218429","Quantitative Glycomic Analysis by Mass-Defect-Based Dimethyl Pyrimidinyl Ornithine (DiPyrO) Tags and High-Resolution Mass Spectrometry","2018","22","Analytical Chemistry","University of Wisconsin–Madison","True","True","True","Bingming Chen; Feng Yu; Dustin C. Frost; Xuefei Zhong; Amanda R. Buchberger; Jillian Johnson; Meng Xu; Miriam Kim; Diane Puccetti; Carol Diamond; Chrysanthy Ikonomidou","11","keep"
"W2075187485","Prion Disease Diagnosis by Proteomic Profiling","2009","20","Journal of Proteome Research","University of Wisconsin–Madison","True","True","True","Allen Herbst; Sean J. McIlwain; Joshua J. Schmidt; Judd M. Aiken; C. David Page","5","keep"
"W2788555212","Identification, Quantitation, and Imaging of the Crustacean Peptidome","2018","20","Methods in molecular biology","University of Wisconsin–Madison","True","True","True","Kellen DeLaney; Amanda R. Buchberger","2","keep"
"W2502926915","Evaluation and Application of Dimethylated Amino Acids as Isobaric Tags for Quantitative Proteomics of the TGF-β/Smad3 Signaling Pathway","2016","19","Journal of Proteome Research","University of Wisconsin–Madison","True","True","True","Qing Yu; Xudong Shi; Tyler Greer; Christopher B. Lietz; K. Craig Kent","5","keep"
"W1963809321","Differential expression of proteins in naïve and IL-2 stimulated primary human NK cells identified by global proteomic analysis","2013","18","Journal of Proteomics","University of Wisconsin–Madison","True","True","True","Di Ma; Weifeng Cao; Arvinder Kapur; Mildred Felder; Cameron O. Scarlett; Manish S. Patankar","6","keep"
"W2174988622","Prenatal hypoxia promotes atherosclerosis via vascular inflammation in the offspring rats","2015","18","Atherosclerosis","Soochow University; First Affiliated Hospital of Soochow University","False","False","False","Pengjie Zhang; Di Zhu; Xionghui Chen; Yongmei Li; Na Li; Qinqin Gao; Xiuwen Zhou; Juanxiu Lv; Miao Sun; Caiping Mao; Zhice Xu","1","drop"
"W2323438261","Gas-Phase Ion Isomer Analysis Reveals the Mechanism of Peptide Sequence Scrambling","2013","17","Analytical Chemistry","University of Wisconsin–Madison","True","True","True","Chenxi Jia; Zhe Wu; Christopher B. Lietz; Zhidan Liang; Qiang Cui","5","keep"
"W2906726344","HOTMAQ: A Multiplexed Absolute Quantification Method for Targeted Proteomics","2019","17","Analytical Chemistry","University of Wisconsin–Madison","True","True","False","Xiaofang Zhong; Qinying Yu; Fengfei Ma; Dustin C. Frost; Lei Lü; Zhengwei Chen; Henrik Zetterberg; Cynthia M. Carlsson; Ozioma C. Okonkwo","9","keep"
"W1973599461","Solubility of caprolactam in different organic solvents","2011","16","Fluid Phase Equilibria","Tianjin University","False","False","False","Cuili Guo; Jingyao Cheng; Jinli Zhang; Wei Li","0","drop"
"W2774001309","Effects of Trimetaphosphate on Abiotic Formation and Hydrolysis of Peptides","2017","16","Life","University of Wisconsin–Madison","True","True","True","Izabela Sibilska; Bingming Chen; John Yin","3","keep"
"W2795885981","Large-Scale Differentiation and Site Specific Discrimination of Hydroxyproline Isomers by Electron Transfer/Higher-Energy Collision Dissociation (EThcD) Mass Spectrometry","2018","16","Analytical Chemistry","University of Wisconsin–Madison","True","True","False","Fengfei Ma; Rui-Xiang Sun; Daniel M. Tremmel; Sara Dutton Sackett; Jon S. Odorico","5","keep"
"W2808916649","Surfactant and Chaotropic Agent Assisted Sequential Extraction/On-Pellet Digestion (SCAD) for Enhanced Proteomics","2018","16","Journal of Proteome Research","University of Wisconsin–Madison; Tianjin University","True","True","True","Fengfei Ma; Fabao Liu; Wei Xu","3","keep"
"W2170905545","<i>In situ</i> identification and mapping of neuropeptides from the stomatogastric nervous system of <i>Cancer borealis</i>","2014","15","Rapid Communications in Mass Spectrometry","University of Wisconsin–Madison","True","False","True","Ruibing Chen; Chuanzi OuYang; Mingming Xiao","3","keep"
"W2793852991","Impact of prenatal hypoxia on fetal bone growth and osteoporosis in ovariectomized offspring rats","2018","15","Reproductive Toxicology","Soochow University; First Affiliated Hospital of Soochow University","False","False","False","Yuxian Yang; Xiaorong Fan; Jianying Tao; Ting Xu; Yingying Zhang; Wenna Zhang; Xiang Li; Hongmei Ding; Miao Sun; Qinqin Gao; Zhice Xu","1","drop"
"W2909426596","A Strategy for Discovery and Verification of Candidate Biomarkers in Cerebrospinal Fluid of Preclinical Alzheimer’s Disease","2019","15","Frontiers in Molecular Neuroscience","University of Wisconsin–Madison","True","True","True","Xiaofang Zhong; Jingxin Wang; Cynthia M. Carlsson; Ozioma C. Okonkwo; Henrik Zetterberg","5","keep"
"W3175182346","Simultaneous enrichment and separation of neutral and sialyl glycopeptides of SARS-CoV-2 spike protein enabled by dual-functionalized Ti-IMAC material","2021","15","Analytical and Bioanalytical Chemistry","University of Wisconsin–Madison","True","True","False","Junfeng Huang; Danqing Wang; Richard David Shipman; Zexin Zhu; Yuan Liu","5","keep"
"W4205362239","Native Ion Mobility–Mass Spectrometry-Enabled Fast Structural Interrogation of Labile Protein Surface Modifications at the Intact Protein Level","2022","15","Analytical Chemistry","University of Wisconsin–Madison","True","True","True","Gongyu Li; Ashley Phetsanthad; M Ma; Qinying Yu; Ashita Nair; Zhen Zheng; Fengfei Ma; Kellen DeLaney; Seungpyo Hong","9","keep"
"W2011421378","MALDI-Mass Spectrometric Imaging for the Investigation of Metabolites in &lt;em&gt;Medicago truncatula&lt;/em&gt; Root Nodules","2014","14","Journal of Visualized Experiments","University of Wisconsin–Madison","True","False","True","Erin Gemperline","1","keep"
"W2416569999","Monitoring Neuropeptides In Vivo via Microdialysis and Mass Spectrometry","2009","14","Methods in molecular biology","University of Wisconsin–Madison","True","True","False","Heidi L. Behrens","1","keep"
"W3012847148","MiR-200a Regulates Nasopharyngeal Carcinoma Cell Migration and Invasion by Targeting MYH10","2020","14","Journal of Cancer","Third Affiliated Hospital of Guangzhou Medical University; Guangzhou Medical University","False","False","False","Wenya Liu; Tonghui Cai; Hui Chen; Ruichao Chen; Minfen Zhang; Wei Zhang; Li Zhao; Hanzhen Xiong; Ping Qin; Xingcheng Gao; Qingping Jiang","0","drop"
"W3124343520","Gold Nanoparticles Combined Human β-Defensin 3 Gene-Modified Human Periodontal Ligament Cells Alleviate Periodontal Destruction via the p38 MAPK Pathway","2021","14","Frontiers in Bioengineering and Biotechnology","Nanjing University","False","False","False","Yangheng Zhang; Min Wang; Jing Zhou; Qian Zhang; Wenrong Yang; Yanfen Li; Fuhua Yan","0","drop"
"W3127582384","Chemoenzymatic Synthesis of Glycopeptides Bearing Galactose–Xylose Disaccharide from the Proteoglycan Linkage Region","2021","14","Organic Letters","University of Wisconsin–Madison","True","False","False","Jia Gao; Po‐Han Lin; Setare Tahmasebi Nick; Junfeng Huang; Emil Tykesson; Ulf Ellervik; Xuefei Huang","1","keep"
"W3130661625","A multi-omic investigation of male lower urinary tract symptoms: Potential role for JC virus","2021","14","PLoS ONE","University of Wisconsin–Madison","True","False","False","Samuel Thomas; Christopher D. Dunn; Lewis J. Campbell; Douglas W. Strand; Chad M. Vezina; Dale E. Bjorling; Kristina L. Penniston; William A. Ricke; Tony L. Goldberg","4","keep"
"W3139077451","Structural basis of Blastomyces Endoglucanase-2 adjuvancy in anti-fungal and -viral immunity","2021","14","PLoS Pathogens","University of Wisconsin–Madison","True","False","False","Lucas dos Santos Dias; Hannah E. Dobson; Brock Bakke; Gregory C. Kujoth; Junfeng Huang; Elaine M. Kohn; Cleison Ledesma Taira; Huafeng Wang; Nitin T. Supekar; J. Scott Fites; Daisy Gates; Christina L. Gomez; Charles A. Specht; Stuart M. Levitz; Parastoo Azadi; M. Suresh; Bruce S. Klein; Marcel Wüthrich","1","keep"
"W2318541013","Data-Independent MS/MS Quantification of Neuropeptides for Determination of Putative Feeding-Related Neurohormones in Microdialysate","2015","13","ACS Chemical Neuroscience","University of Wisconsin System; University of Wisconsin–Madison; Duke University; Duke Medical Center","True","True","True","Claire M. Schmerberg; Zhidan Liang","2","keep"
"W2947715173","High-Resolution Enabled 5-plex Mass Defect-Based <i>N</i>,<i>N</i>-Dimethyl Leucine Tags for Quantitative Proteomics","2019","13","Analytical Chemistry","University of Wisconsin–Madison","True","True","False","Xiaofang Zhong; Dustin C. Frost","2","keep"
"W2989991796","Subresidue-Resolution Footprinting of Ligand–Protein Interactions by Carbene Chemistry and Ion Mobility–Mass Spectrometry","2019","13","Analytical Chemistry","University of Wisconsin–Madison","True","True","False","Gaoyuan Lu; Xiaowei Xu; Gongyu Li; Huiyong Sun; Nian Wang; Yinxue Zhu; Ning Wan; Yatao Shi; Guangji Wang; Haiping Hao; Hui Ye","11","keep"
"W4210262166","Accelerated alveolar bone loss in a mouse model of inflammatory bowel disease and its relationship with intestinal inflammation","2022","13","Journal of Periodontology","Nanjing Medical University; Nanjing University","False","False","False","Dan Qiao; Rixin Chen; Feng Zhu; Yangheng Zhang; Fuhua Yan","0","drop"
"W2053713037","Membrane-assisted capillary isoelectric focusing coupling with matrix-assisted laser desorption/ionization-Fourier transform mass spectrometry for neuropeptide analysis","2011","12","Journal of Chromatography A","University of Wisconsin–Madison; Highland Community College - Illinois","True","True","False","Zichuan Zhang; Junhua Wang; Limei Hui","3","keep"
"W2992795800","The third‐generation retinoid adapalene triggered DNA damage to induce S‐phase arrest in HaCat cells","2019","12","Fundamental and Clinical Pharmacology","Chinese Academy of Medical Sciences & Peking Union Medical College; Chinese Academy of Medical Sciences Dermatology Hospital","False","False","False","Cheng Wang; Hongyang Li; Pengcheng Ma; Jianfang Sun; Jun Wei; Lei Tao; Kun Qian","0","drop"
"W3014078586","<i>In utero</i> and lactational 2,3,7,8-tetrachlorodibenzo-<i>p</i>-dioxin (TCDD) exposure exacerbates urinary dysfunction in hormone-treated C57BL/6J mice through a non-malignant mechanism involving proteomic changes in the prostate that differ from those elicited by testosterone and estradiol.","2020","11","PubMed","University of Wisconsin–Madison","True","True","False","Anne E. Turco; Samuel Thomas; LaTasha K. Crawford; Weiping Tang; Richard E. Peterson; William A. Ricke; Chad M. Vezina","7","keep"
"W3178184626","DiLeuPMP: A Multiplexed Isobaric Labeling Method for Quantitative Analysis of <i>O</i>-Glycans","2021","11","Analytical Chemistry","University of Wisconsin–Madison","True","True","True","Miyang Li; Ting‐Jia Gu; Xiaorong Lin","3","keep"
"W4288758070","Enrichment and fragmentation approaches for enhanced detection and characterization of endogenous glycosylated neuropeptides","2022","11","PROTEOMICS","University of Wisconsin–Madison","True","True","True","Ashley Phetsanthad; Caroline Roycroft","2","keep"
"W4309021765","Diptoindonesin G is a middle domain HSP90 modulator for cancer treatment","2022","11","Journal of Biological Chemistry","University of Wisconsin–Madison","True","False","False","Kristine Donahue; Haibo Xie; Miyang Li; Ang Gao; M Ma; Yidan Wang; Ashley R. Tipton; Nicole Semanik; Tina Primeau; Shunqiang Li; Weiping Tang; Wei Xu","8","keep"
"W2299555923","Quantitative analysis of serotonin secreted by human embryonic stem cells‐derived serotonergic neurons via pH‐mediated online stacking‐CE‐ESI‐MRM","2016","10","Electrophoresis","University of Wisconsin–Madison; Tianjin University","True","True","True","Xuefei Zhong; Ling Hao; Jianfeng Lü; Hui Ye; Su‐Chun Zhang","5","keep"
"W3153635739","Exploring the Sexual Dimorphism of Crustacean Neuropeptide Expression Using <i>Callinectes sapidus</i> as a Model Organism","2021","10","Journal of Proteome Research","University of Wisconsin–Madison","True","True","True","Mengzhou Hu; Kylie Helfenbein; Amanda R. Buchberger; Kellen DeLaney; Yang Liu","5","keep"
"W3206359015","CPP impairs contextual learning at concentrations below those that block pyramidal neuron NMDARs and LTP in the CA1 region of the hippocampus","2021","10","Neuropharmacology","University of Wisconsin–Madison","True","True","True","Kurt Laha; Mengwen Zhu; Erin Gemperline; Vinuta Rau; Michael S. Fanselow; Richard Lennertz; Robert A. Pearce","7","keep"
"W4318021605","HyPep: An Open-Source Software for Identification and Discovery of Neuropeptides Using Sequence Homology Search","2023","10","Journal of Proteome Research","University of Wisconsin–Madison","True","True","True","Nhu Q. Vu; Hsu-Ching Yen; Lauren Fields; Weifeng Cao","4","keep"
"W4384662136","Proteome-wide Profiling of Asymmetric Dimethylated Arginine in Human Breast Tumors","2023","10","Journal of the American Society for Mass Spectrometry","University of Wisconsin–Madison","True","True","False","M Ma; Fabao Liu; Hannah N. Miles; Eui‐Jun Kim; Lauren Fields; Wei Xu","6","keep"
"W4384924959","One pot preparation of muti-mode nanoplatform to combat ovarian cancer","2023","10","Biomedicine & Pharmacotherapy","Nanjing Medical University","False","False","False","Xiuliang Dai; Min‐Hui Li; Xiaomeng Yan; Jinhang Li; Hao Mao; Cheng Wang; Hongbin Xu","0","drop"
"W4385420747","Developing Thick Cardiac Tissue with a Multilayer Fiber Sheet for Treating Myocardial Infarction","2023","10","Advanced Fiber Materials","The University of Osaka","False","False","False","Junjun Li; Xiang Qu; Li Liu; Ying Hua; Jingbo Zhang; Masako Ishida; Noriko Yoshida; Akiko Tabata; Nagako Sougawa; Emiko Ito; Noriko Mochizuki‐Oda; Akima Harada; Takuji Kawamura; Ryohei Matsuura; Yingzhe Wang; Keisuke Morishima; Shigeru Miyagawa; Yoshiki Sawa","0","drop"
"W4399933327","High-throughput relative quantification of fatty acids by 12-plex isobaric labeling and microchip capillary electrophoresis - Mass spectrometry","2024","10","Analytica Chimica Acta","University of Wisconsin–Madison","True","True","False","Zicong Wang; Miyang Li; Shuling Xu; Liang Sun","4","keep"
"W2317077899","Function-Driven Discovery of Neuropeptides with Mass Spectrometry- Based Tools","2013","9","Protein and Peptide Letters","","False","True","False","Claire M. Schmerberg","1","keep"
"W2426883780","5,6-Dihydroxy-3,7,4′-trimethoxyflavonol induces G2/M cell cycle arrest and apoptosis in human hepatocellular carcinoma cells","2016","9","Journal of Asian Natural Products Research","Shandong University","False","False","False","Xinxin Zhao; Juan-Juan Chang; Qilin Wang; Rong Lu; Xiao Sun; Weidong Xie; Xia Li","0","drop"
"W4319656688","mNeuCode Empowers Targeted Proteome Analysis of Arginine Dimethylation","2023","9","Analytical Chemistry","University of Wisconsin–Madison","True","True","False","Qianqian Wang; Xin Yan; Bin Fu; Ying Xu; Cheng Chang; Chenxi Jia","6","keep"
"W2991138780","A yeast display immunoprecipitation screen for targeted discovery of antibodies against membrane protein complexes","2019","8","Protein Engineering Design and Selection","University of Wisconsin–Madison; University of Connecticut","True","True","True","Jason Lajoie; Yong Ku Cho; Dustin C. Frost; Samantha Bremner; Eric V. Shusta","5","keep"
"W3030817397","Urinary metabolomic and proteomic analyses in a mouse model of prostatic inflammation","2019","8","URINE","University of Wisconsin–Madison","True","False","False","Pingli Wei; Ling Hao; Fengfei Ma; Qing Yu; Amanda R. Buchberger; Sanghee Lee; Wade Bushman","7","keep"
"W4389890946","On-Tissue Spatial Proteomics Integrating MALDI-MS Imaging with Shotgun Proteomics Reveals Soy Consumption-Induced Protein Changes in a Fragile X Syndrome Mouse Model","2023","8","ACS Chemical Neuroscience","University of Wisconsin–Madison","True","True","False","M Ma; Qinying Yu; Daniel G. Delafield; Yusi Cui; Zihui Li; Miyang Li; Wenxin Wu; Xudong Shi; Pamela R. Westmark; Alejandra Gutierrez; Gui Ma; Ang Gao; Meng Xu; Wei Xu; Cara J. Westmark","15","keep"
"W3164828858","High‐resolution magnetic resonance and mass spectrometry imaging of the human larynx","2021","7","Journal of Anatomy","University of Wisconsin–Madison","True","True","True","Ayami Ohno Kishimoto; Yo Kishimoto; Xudong Shi; Elizabeth Hutchinson; Hua Zhang; Yatao Shi; Gisele Oliveira; Nathan V. Welham; Ian J. Rowland","9","keep"
"W4310442478","Higher Temperature Porous Graphitic Carbon Separations Differentially Impact Distinct Glycopeptide Classes","2022","7","Journal of the American Society for Mass Spectrometry","University of Wisconsin–Madison","True","True","True","Daniel G. Delafield; Hannah N. Miles; William A. Ricke","3","keep"
"W4390268615","Effects of the cardiac cycle on auditory processing: A preregistered study on mismatch negativity","2023","7","Psychophysiology","Osaka University of Human Sciences","False","False","False","Kai Ishida; Keita Mizuhara; Robert J. Barry; Hiroshi Nittono","0","drop"
"W4405949397","Cocaine-Induced Remodeling of the Rat Brain Peptidome: Quantitative Mass Spectrometry Reveals Anatomically Specific Patterns of Cocaine-Regulated Peptide Changes","2024","6","ACS Chemical Neuroscience","University of Wisconsin–Madison","True","False","False","Gaoyuan Lu; Fengfei Ma; Pingli Wei; Min Ma; Vu Ngoc Huong Tran; Brian A. Baldo","3","keep"
"W4402333843","The longevity factor spermidine is part of a highly heritable complex erythrocyte phenotype associated with longevity","2024","5","Aging Cell","University of Wisconsin–Madison","True","False","False","Cameron J. Kaminsky; Jericha Mill; Viharkumar Patel; D. Pierce; Amelia K. Haj; Aaron S. Hess; Thomas J. Raife","3","keep"
"W4366752865","Seasonal variation of aerosol optical properties in a coastal city of southeast China: Based on one year of measurements","2023","4","Atmospheric Environment","Chinese Academy of Sciences; Institute of Urban Environment; University of Chinese Academy of Sciences","False","False","False","Mengren Li; Mengren Li; Siqing Zhang; Liqian Yin; Xiaoting Ji; Yuping Chen; Chao Dong; Lingling Xu; Xiaolong Fan; Gaojie Chen; Ziyi Lin; Youwei Hong; Jinsheng Chen; Jinsheng Chen; Jinfang Chen; Jinfang Chen","0","drop"
"W4387473265","Inclusion of Porous Graphitic Carbon Chromatography Yields Greater Protein Identification and Compartment and Process Coverage and Enables More Reflective Protein-Level Label-Free Quantitation","2023","4","Journal of Proteome Research","University of Wisconsin–Madison","True","True","False","Daniel G. Delafield; Hannah N. Miles; William A. Ricke","3","keep"
"W4389411612","Advances in the function of traditional medicine for vitiligo treatment","2023","4","Traditional Medicine Research","","False","False","False","Jun Liu; Jiayi Li; Jingjing Xu; Cheng Wang; Shengtao Yuan; Wei Zhang; Hongyang Li","0","drop"
"W4409039246","Direct transfer of multicellular tumor spheroids grown in agarose microarrays for high-throughput mass spectrometry imaging analysis","2025","4","Analytical and Bioanalytical Chemistry","University of Wisconsin–Madison; Wisconsin Institutes for Discovery","True","False","False","Yuan Liu; Jillian Johnson; Hua Zhang; Penghsuan Huang","4","keep"
"W4391929453","11-Plex DiLeu Isobaric Labeling Enables Quantitative Assessment of Brain Region Protein Association Networks Impacted by the Gut Microbiome","2024","3","Analytical Chemistry","University of Wisconsin–Madison","True","False","False","Shuying Han; Zihui Li; Yatao Shi; Yusi Cui; Junfeng Huang; Dustin C. Frost; Federico E. Rey; Rui Liu","8","keep"
"W4393285660","An Updated Guide to the Identification, Quantitation, and Imaging of the Crustacean Neuropeptidome","2024","3","Methods in molecular biology","University of Wisconsin–Madison","True","True","False","Wenxin Wu; Lauren Fields; Kellen DeLaney; Amanda R. Buchberger","4","keep"
"W4411251057","Quantitative neuropeptide analysis by mass spectrometry: advancing methodologies for biological discovery","2025","3","RSC Chemical Biology","University of Wisconsin–Madison","True","False","False","Angel Erbey Ibarra; Wenxin Wu; Haoran Zhang","3","keep"
"W4409993889","Hif-1α regulation of the Tet1-β-catenin-Dicer1-miRNAs pathway is involved in depression-like behavior in prenatal hypoxic male offspring","2025","2","Neuroscience","Soochow University; First Affiliated Hospital of Soochow University","False","False","False","Zejun Zhao; Hongtao Zeng; Xi Yu; Yajun Shi; Yan Zhao; Yueyang Song; Qinqin Gao; Miao Sun; Bin Wang","1","drop"
"W4415659242","Global spinal cord peptidome profiling in response to osteoarthritis in rats","2025","2","Molecular Omics","University of Wisconsin System; University of Wisconsin–Madison; Wisconsin Institutes for Discovery","True","False","False","Gaoyuan Lu; Marilyn Frézier; Colombe Otis; Vu Ngoc Huong Tran; Bertrand Lussier; Guillaume St‐Jean; Hélène Beaudry; Éric Troncy","1","keep"
"W4416723660","Multiplexed Data-Independent Acquisition-Based Proteomics Enabled by TMTpro Complementary Ions","2025","2","Analytical Chemistry","University of Wisconsin–Madison; NanoBio (United States)","True","True","False","Zicong Wang; Peng-Kai Liu; Haiyan Lu","3","keep"
"W7126044546","Potent and Selective IGF‐IIR‐Recruiting Bifunctional Molecules for Targeted Lysosomal Degradation of Extracellular and Membrane Proteins","2026","2","Advanced Science","University of Wisconsin–Madison","True","False","False","Yuan Zhao; Yaxian Liao; Pengyun Li; R. González; Xuankun Chen; Nicholas S. Nieto; Florence M. Brunel; Nick Cox; Joseph R. Stock; Matthew McHenry; Guangsen Fu; Penghsuan Huang; Wenxin Wu; Deqin Cai; Alexander N. Zaykov; Weiping Tang","3","keep"
"W7117997399","Exploring the interplay between protein conformational changes and phosphorylation in a pancreatic cancer cell and stellate cell coculture system","2026","1","Proceedings of the National Academy of Sciences","University of Wisconsin–Madison","True","False","False","Haiyan Lu; Yuan Liu; Hung-Yu Chiang; Hua Zhang; Xudong Shi","4","keep"
"W7118186491","Efficient Preparation of Homogenous Antibody Conjugates via Glycosite‐Specific Transglycosylation Enabled by Readily Available Glycosyl Donors","2026","1","Angewandte Chemie International Edition","University of Wisconsin–Madison","True","False","False","Deqin Cai; Yuan Zhao; Gaoyuan Lu; C Li; Yichong Lao; Ramesh Mudududdla; Jiahao Zhang; Peijing Jia; Penghsuan Huang; Wenxin Wu; Thao‐Vy T. Nguyen; Xuhui Huang; Weiping Tang","4","keep"
"W2007805022","High-Throughput Peptide Identification from Protein Digests Using Data-Dependent Multiplexed Tandem FTICR Mass Spectrometry Coupled with Capillary Liquid Chromatography","2001","76","Analytical Chemistry","Pacific Northwest National Laboratory; Environmental Molecular Sciences Laboratory","False","True","False","Christophe Masselon; Gordon Anderson; Ljiljana Paša‐Tolić; Sang‐Won Lee; Yufeng Shen; Rui Zhao; Mary Lipton; Thomas P. Conrads; Nikola Tolić; Richard Smith","10","keep"
"W2034498503","Formation of <i>N</i>‐Pyroglutamyl Peptides from <i>N</i>‐Glu and<i>N</i>‐Gln Precursors in <i>Aplysia</i> Neurons","1999","56","Journal of Neurochemistry","University of Illinois System","True","False","False","Rebecca W. Garden; Tatiana P. Moroz; Juliann M. Gleeson; Philip D. Floyd; Stanislav S. Rubakhin; Jonathan V. Sweedler","6","keep"
"W2025331373","Peptide Profiling of Cells with Multiple Gene Products:  Combining Immunochemistry and MALDI Mass Spectrometry with On-Plate Microextraction","2000","51","Analytical Chemistry","University of Illinois Urbana-Champaign; Icahn School of Medicine at Mount Sinai","True","True","False","Elena V. Romanova; Stanislav S. Rubakhin; Vera Alexeeva; Klaudiusz R. Weiss; Ferdinand S. Vilim; Jonathan V. Sweedler","6","keep"
"W2022865996","From Precursor to Final Peptides:  A Statistical Sequence-Based Approach to Predicting Prohormone Processing","2003","46","Journal of Proteome Research","University of Illinois Urbana-Champaign; University of Pittsburgh; Icahn School of Medicine at Mount Sinai","True","False","False","Amanda B. Hummon; Norman P. Hummon; Rebecca W. Corbin; Ferdinand S. Vilim; Klaudiusz R. Weiss; Jonathan V. Sweedler","4","keep"
"W1989845346","Identification and characterization of a tachykinin-containing neuroendocrine organ in the commissural ganglion of the crab<i>Cancer productus</i>","2005","44","Journal of Experimental Biology","University of Wisconsin–Madison","True","True","False","Daniel I. Messinger; Kimberly K. Kutz; Thuc Le; Derek R. Verley; Yun‐Wei A. Hsu; Christina T. Ngo; Shaun D. Cain; John T. Birmingham; Andrew E. Christie","9","keep"
"W2004583549","MALDI MS Sample Preparation by Using Paraffin Wax Film:  Systematic Study and Application for Peptide Analysis","2008","35","Analytical Chemistry","University of Wisconsin–Madison","True","True","False","Junhua Wang; Ruibing Chen; Mingming Ma","3","keep"
"W2187950193","Mass Spectrometric Survey of Peptides in Cephalopods With an Emphasis on the Fmrfamide-Related Peptides","2000","33","Journal of Experimental Biology","University of Illinois Urbana-Champaign","True","True","False","Jonathan V. Sweedler; Philip D. Floyd; William F. Gilly","3","keep"
"W2012925364","Methyl Esterification Assisted MALDI FTMS Characterization of the Orcokinin Neuropeptide Family","2006","31","Analytical Chemistry","University of Wisconsin–Madison","True","True","False","Mingming Ma; Kimberly K. Kutz‐Naber","2","keep"
"W2188569556","Egg-laying hormone peptides in the aplysiidae family","1999","28","Journal of Experimental Biology","University of Illinois Urbana-Champaign","True","True","False","Rebecca W. Garden; Philip D. Floyd; Tatiana P. Moroz; Juliann M. Gleeson; Jonathan V. Sweedler; Ljiljana Paša‐Tolić; Richard Smith","7","keep"
"W2044883428","Dynamin 2 associates with complexins and is found in the acrosomal region of mammalian sperm","2006","22","Molecular Reproduction and Development","University of Wisconsin–Madison","True","True","False","Longmei Zhao; Xudong Shi; David J. Miller","3","keep"
"W2091370702","Combining tissue extraction and off-line capillary electrophoresis matrix-assisted laser desorption/ionization Fourier transform mass spectrometry for neuropeptide analysis in individual neuronal organs using 2,5-dihydroxybenzoic acid as a multi-functional agent","2009","22","Journal of Chromatography A","University of Wisconsin–Madison","True","True","False","Junhua Wang; Xiaoyue Jiang; Robert M. Sturm","3","keep"
"W2035285196","LC-ESI-MS method for the determination of dexamethasone acetate in skin of nude mouse","2013","18","Journal of Chromatography B","Chinese Academy of Medical Sciences & Peking Union Medical College","False","False","False","Pengcheng Ma; Jun Wei; Kun Qian; Lei Tao","0","drop"
"W2138646832","Rat Brain Neuropeptidomics: Tissue Collection, Protease Inhibition, Neuropeptide Extraction, and Mass Spectrometric Analysis","2009","18","Methods in molecular biology","University of Wisconsin–Madison","True","True","False","Robert M. Sturm; James A. Dowell","2","keep"
"W2416184993","Recent Advances in Mass Spectrometry-Based Glycoproteomics","2014","18","Advances in protein chemistry and structural biology","University of Wisconsin–Madison","True","True","True","Dustin C. Frost","1","keep"
"W2055371953","Mass spectrometric measurement of neuropeptide secretion in the crab, Cancer borealis, by in vivo microdialysis","2014","15","The Analyst","University of Wisconsin–Madison; Madison Group (United States)","True","True","False","Zhidan Liang; Claire M. Schmerberg","2","keep"
"W2592051876","Study of an evaluation method for water resources carrying capacity based on the projection pursuit technique","2017","15","Water Science & Technology Water Supply","Tianjin University","False","False","False","Hongbo Liu; Yunfeng Liu; Hongxia Gao","0","drop"
"W2754156063","Coupling matrix-assisted ionization with high resolution mass spectrometry and electron transfer dissociation to characterize intact proteins and post-translational modifications","2017","14","Analytical and Bioanalytical Chemistry","University of Wisconsin–Madison","True","False","False","Bingming Chen; Christopher B. Lietz","2","keep"
"W3085791334","Integrated Label-Free and 10-Plex DiLeu Isobaric Tag Quantitative Methods for Profiling Changes in the Mouse Hypothalamic Neuropeptidome and Proteome: Assessment of the Impact of the Gut Microbiome","2020","14","Analytical Chemistry","University of Wisconsin–Madison","True","True","True","Rui Liu; Pingli Wei; Caitlin Keller; Nicola Salvatore Orefice; Yatao Shi; Zihui Li; Junfeng Huang; Yusi Cui; Dustin C. Frost; Shuying Han; Tzu-Wen Cross; Federico E. Rey","12","keep"
"W2013434790","Liquid chromatography-matrix-assisted laser desorption/ionization mass spectrometric imaging with sprayed matrix for improved sensitivity, reproducibility and quantitation","2013","13","The Analyst","University of Wisconsin–Madison; Highland Community College - Illinois","True","True","True","Zichuan Zhang; Kuang Jun","2","keep"
"W2157845748","Immunoaffinity-based mass spectrometric characterization of the FMRFamide-related peptide family in the pericardial organ of Cancer borealis","2009","13","Biochemical and Biophysical Research Communications","","False","True","False","Mingming Ma; Robert M. Sturm; Kimberly K. Kutz‐Naber; Qiang Fu","4","keep"
"W2439239759","High-Throughput Quantitative Proteomics Enabled by Mass Defect-Based 12-Plex DiLeu Isobaric Tags","2016","13","Methods in molecular biology","University of Wisconsin–Madison","True","True","True","Dustin C. Frost","1","keep"
"W2792135410","Synergetic Effects of Prenatal and Postnatal High Sucrose Intake on Glucose Tolerance and Hepatic Insulin Resistance in Rat Offspring","2018","13","Molecular Nutrition & Food Research","Soochow University; First Affiliated Hospital of Soochow University","False","False","False","Pengjie Zhang; Di Zhu; Yueming Zhang; Xionghui Chen; Wenna Zhang; Ruixiu Shi; Jianying Tao; Bing Han; Zhice Xu","0","drop"
"W2070767632","Mass spectrometric characterization of the crustacean neuropeptidome","2014","12","EuPA Open Proteomics","University of Wisconsin–Madison","True","True","False","Qing Yu; Chuanzi OuYang; Zhidan Liang","3","keep"
"W2790600731","Profiling of small molecule metabolites and neurotransmitters in crustacean hemolymph and neuronal tissues using reversed‐phase LC‐MS/MS","2018","12","Electrophoresis","University of Wisconsin–Madison; Tianjin University","True","True","False","Qinjingwen Cao; Chuanzi OuYang; Xuefei Zhong","3","keep"
"W2806049436","Methylation‐reprogrammed Wnt/β‐catenin signalling mediated prenatal hypoxia‐induced brain injury in foetal and offspring rats","2018","12","Journal of Cellular and Molecular Medicine","Soochow University; First Affiliated Hospital of Soochow University","False","False","False","Yingying Zhang; Mengshu Zhang; Bin Wei; Axin He; Likui Lu; Xiang Li; Li Zhang; Zhice Xu; Miao Sun","1","drop"
"W3043133029","Urinary Amine Metabolomics Characterization with Custom 12-Plex Isobaric DiLeu Labeling","2020","12","Journal of the American Society for Mass Spectrometry","University of Wisconsin–Madison","True","True","False","Pingli Wei; Ling Hao; Samuel Thomas; Amanda R. Buchberger; Laura Steinke; Paul C. Marker; William A. Ricke","7","keep"
"W324896628","The analysis of heavy air pollution in Beijing during 2000-2010.","2012","12","China Environmental Science","Minzu University of China","False","False","False","Ying Wang; Jinxiang Li; Xin LianZhong; Jun Jin","1","drop"
"W1919351059","Investigation and reduction of sub‐microgram peptide loss using molecular weight cut‐off fractionation prior to mass spectrometric analysis","2012","11","Journal of Mass Spectrometry","University of Wisconsin–Madison","True","True","True","Robert Cunningham; Jingxin Wang; Daniel Wellner","3","keep"
"W2466119845","A highly sensitive LC–MS/MS method for determination of ketoconazole in human plasma: Application to a clinical study of the exposure to ketoconazole in patients after topical administration","2016","11","Journal of Pharmaceutical and Biomedical Analysis","Chinese Academy of Medical Sciences & Peking Union Medical College","False","False","False","Keli Wang; Yao Wu; Zhiyan Chi; Chang Shu; Jun Wei; Lei Tao; Pengcheng Ma; Li Ding","0","drop"
"W2793191012","LC-MS Differential Analysis for Fast and Sensitive Determination of Biotransformation of Therapeutic Proteins","2018","11","Drug Metabolism and Disposition","University of Wisconsin–Madison; Tianjin University; Nankai University; Bristol-Myers Squibb (United States)","True","True","True","Ming Yao; Bingming Chen; Weiping Zhao; John T. Mehl; Mingshe Zhu","5","keep"
"W2936139387","Quantitative proteomic analysis of a genetically induced prostate inflammation mouse model via custom 4-plex DiLeu isobaric labeling","2019","11","American Journal of Physiology-Renal Physiology","University of Wisconsin–Madison","True","True","False","Ling Hao; Samuel Thomas; Tyler Greer; Chad M. Vezina; Sagar Bajpai; Arya Ashok; Angelo M. De Marzo; Charles J. Bieberich; William A. Ricke","9","keep"
"W3014892514","PRESnovo: Prescreening Prior to <i>de novo</i> Sequencing to Improve Accuracy and Sensitivity of Neuropeptide Identification","2020","11","Journal of the American Society for Mass Spectrometry","University of Wisconsin–Madison","True","True","True","Kellen DeLaney; Weifeng Cao; Yadi Ma; Mingming Ma; Yuzhuo Zhang","5","keep"
"W3163302046","Recent developments and applications of quantitative proteomics strategies for high-throughput biomolecular analyses in cancer research","2021","11","RSC Chemical Biology","University of Wisconsin–Madison; Madison Group (United States)","True","True","True","Hannah N. Miles; Daniel G. Delafield","2","keep"
"W2026621045","A Study of SVDD-based Algorithm to the Fault Diagnosis of Mechanical Equipment System","2012","10","Physics Procedia","Zhengzhou University","False","False","False","Zhiqiang Jiang; Xilan Feng; Xianzhang Feng","0","drop"
"W2892964827","Comprehensive urinary metabolomic characterization of a genetically induced mouse model of prostatic inflammation","2018","10","International Journal of Mass Spectrometry","University of Wisconsin–Madison; Tianjin University","True","True","False","Ling Hao; Yatao Shi; Samuel Thomas; Chad M. Vezina; Sagar Bajpai; Arya Ashok; Charles J. Bieberich; William A. Ricke","8","keep"
"W2968183173","Isolation and characterization of glycosylated neuropeptides","2019","10","Methods in enzymology on CD-ROM/Methods in enzymology","University of Wisconsin–Madison","True","True","True","Yang Liu; Qinjingwen Cao","2","keep"
"W3043418425","Extraction optimization for combined metabolomics, peptidomics, and proteomics analysis of gut microbiota samples","2020","10","Journal of Mass Spectrometry","University of Wisconsin–Madison","True","True","True","Caitlin Keller; Pingli Wei; Benjamin Wancewicz; Tzu-Wen Cross; Federico E. Rey","5","keep"
"W4295423209","Novel Isobaric Tagging Reagent Enabled Multiplex Quantitative Glycoproteomics via Electron-Transfer/Higher-Energy Collisional Dissociation (EThcD) Mass Spectrometry","2022","10","Journal of the American Society for Mass Spectrometry","University of Wisconsin–Madison","True","True","True","Miyang Li; Xiaofang Zhong; Feng Yu","3","keep"
"W1964688361","Biomaterials differentially regulate Src kinases and phosphoinositide 3-kinase-γ in polymorphonuclear leukocyte primary and tertiary granule release","2015","9","Biomaterials","University of Wisconsin–Madison","True","True","False","Hannah Caitlin Cohen; Dustin C. Frost; Tyler J. Lieberthal; Weiyuan John Kao","4","keep"
"W2157749200","Searching for reliable premortem protein biomarkers for prion diseases: progress and challenges to date","2012","9","Expert Review of Proteomics","University of Wisconsin–Madison","True","True","False","Di Ma","1","keep"
"W2785086936","Relative Quantitation of Neuropeptides at Multiple Developmental Stages of the American Lobster Using <i>N</i>,<i>N</i>-Dimethyl Leucine Isobaric Tandem Mass Tags","2018","9","ACS Chemical Neuroscience","University of Wisconsin–Madison","True","True","True","Xiaoyue Jiang; Feng Xiang; Chenxi Jia; Amanda R. Buchberger","4","keep"
"W3030882244","MALDI Mass Spectrometry Imaging of Peptides in Medicago truncatula Root Nodules","2020","9","Methods in molecular biology","University of Wisconsin–Madison","True","False","False","Caitlin Keller; Erin Gemperline","2","keep"
"W4200331638","A chemical method for genome- and proteome-wide enrichment and O-GlcNAcylation profiling of chromatin-associated proteins","2021","9","Talanta","Henan Normal University","False","False","False","Bianbian Huo; Yuanyuan Liu; Weijie Qin","1","drop"
"W2433651889","Isotopic N,N-Dimethyl Leucine (iDiLeu) for Absolute Quantification of Peptides Using a Standard Curve Approach","2016","7","Methods in molecular biology","University of Wisconsin–Madison","True","True","False","Tyler Greer","1","keep"
"W2800465524","Synthesis of a Novel Series of Amino Acid Prodrugs Based on Thienopyridine Scaffolds and Evaluation of Their Antiplatelet Activity","2018","7","Molecules","Tianjin Institute of Pharmaceutical Research (China)","False","False","False","Nan Lu; Xuemin Zheng; Shijun Zhang; Yuquan Li; Jing Yuan; Qunchao Wei; Youjun Xu; Fancui Meng","0","drop"
"W3153498378","Discovery of anti-infective adipostatins through bioactivity-guided isolation and heterologous expression of a type III polyketide synthase","2021","7","Bioorganic Chemistry","University of Wisconsin–Madison","True","True","True","Lukuan Hou; Ying Li; Qihao Wu; Miyang Li; Ethan A. Older; Xiaoyu Tang; Prakash Nagarkatti; Mitzi Nagarkatti; Yuan Liu; Daping Fan; Tim S. Bugni; Zhuo Shang; Jie Li","13","keep"
"W3184184636","Analysis of pancreatic extracellular matrix protein post-translational modifications <i>via</i> electrostatic repulsion-hydrophilic interaction chromatography coupled with mass spectrometry","2021","7","Molecular Omics","University of Wisconsin–Madison","True","True","True","Dylan Nicholas Tabang; Yusi Cui; Daniel M. Tremmel; Megan Ford; Zihui Li; Sara Dutton Sackett; Jon S. Odorico","7","keep"
"W3198545374","Prenatal hypoxia induced ETBR activation and abnormal ROS signalling in pulmonary artery cells of rat offspring","2021","7","Reproductive Toxicology","Soochow University; First Affiliated Hospital of Soochow University","False","False","False","Yingying Zhang; Jiaqi Tang; Na Li; Jianying Tao; Yan Zhang; Yumeng Zhang; Ye Yang; Qiutong Zheng; Ting Xu; Yanping Liu; Pengjie Zhang; Huan Li; Yun He; Hongyu Su; Qinyuan He; Miao Sun; Zhice Xu","0","drop"
"W3199498304","UPF1 impacts on mTOR signaling pathway and autophagy in endometrioid endometrial carcinoma","2021","7","Aging","Third Affiliated Hospital of Guangzhou Medical University; Guangzhou Medical University","False","False","False","Minfen Zhang; Hui Chen; Ping Qin; Tonghui Cai; Ruichao Chen; Shaoyan Liu; Hui Chen; Wanrun Lin; Hao Chen; Amanda Strickland; Hanzhen Xiong; Qingping Jiang","0","drop"
"W4211093434","Multiplexed quantitative neuropeptidomics via DiLeu isobaric tagging","2022","7","Methods in enzymology on CD-ROM/Methods in enzymology","University of Wisconsin–Madison","True","True","True","Christopher S. Sauer","1","keep"
"W4362548677","Quantification of Serum Metabolites in Early Colorectal Adenomas Using Isobaric Labeling Mass Spectrometry","2023","7","Journal of Proteome Research","University of Wisconsin–Madison","True","True","True","Yuan Liu; Hua Zhang; William F. Dove; Zicong Wang; Zhijun Zhu; Perry J. Pickhardt; Mark Reichelderfer","7","keep"
"W4385441198","Particulate matter mass extinction hygroscopic growth model in Beijing","2015","7","National Remote Sensing Bulletin","","False","False","False","Tao Jinhua; Zifeng Wang; Qian Xu; Meng Fan; Minghui Tao; SU Lin; Chen Liangfu","0","drop"
"W3006757615","Spatiotemporal Proteomics Reveals the Molecular Consequences of Hormone Treatment in a Mouse Model of Lower Urinary Tract Dysfunction","2020","6","Journal of Proteome Research","University of Wisconsin–Madison","True","True","False","Samuel Thomas; Ling Hao; Kellen DeLaney; Dalton McLean; Laura Steinke; Paul C. Marker; Chad M. Vezina; William A. Ricke","8","keep"
"W4392004158","<scp><i>NEAT1</i></scp> repression by <scp>MED12</scp> creates chemosensitivity in p53 wild‐type breast cancer cells","2024","6","FEBS Journal","University of Wisconsin–Madison; Chinese Academy of Sciences; Zhejiang Cancer Hospital; Hangzhou Cancer Hospital","True","False","False","Shengjie Zhang; Eui‐Jun Kim; Junfeng Huang; Peng Liu; Kristine Donahue; Qinchuan Wang; Yidan Wang; Sean J. McIlwain; Ling Xie; Xian Chen; Wei Xu","7","keep"
"W2023043186","RT-SVR+q: A strategy for post-mascot analysis using retention time and q value metric to improve peptide and protein identifications","2011","5","Journal of Proteomics","University of Wisconsin–Madison","True","True","False","Weifeng Cao; Di Ma; Arvinder Kapur; Manish S. Patankar; Yadi Ma","5","keep"
"W4378172205","Integrating intracellular and extracellular proteomic profiling for in‐depth investigations of cellular communication in a model of prostate cancer","2023","5","PROTEOMICS","University of Wisconsin–Madison; University of Wisconsin Carbone Cancer Center","True","True","True","Hannah N. Miles; Devin Tomlin; William A. Ricke","3","keep"
"W4389164156","CHRISTMAS: Chiral Pair Isobaric Labeling Strategy for Multiplexed Absolute Quantitation of Enantiomeric Amino Acids","2023","5","Analytical Chemistry","University of Wisconsin–Madison","True","False","False","Zhijun Zhu; Shuling Xu; Zicong Wang; Daniel G. Delafield; Michael J. Rigby; Gaoyuan Lu; Ting‐Jia Gu; Peng-Kai Liu; M Ma; Luigi Puglielli","10","keep"
"W4294000880","Several non-salt and solid thienopyridine derivatives as oral P2Y12 receptor inhibitors with good stability","2022","4","Bioorganic & Medicinal Chemistry Letters","Tianjin Institute of Pharmaceutical Research (China)","False","False","False","Lei Liu; Jing Yuan; Wei Liu; Yuquan Li; Shijun Zhang; Changjiang Huang","0","drop"
"W4387516207","miR-377-3p Regulates Hippocampal Neurogenesis via the Zfp462-Pbx1 Pathway and Mediates Anxiety-Like Behaviors in Prenatal Hypoxic Offspring","2023","4","Molecular Neurobiology","Soochow University; First Affiliated Hospital of Soochow University","False","False","False","Bin Wang; Yichen Zhu; Bin Wei; Hongtao Zeng; Pengjie Zhang; Hongyan Wang; Xiaohui Wu; Yufang Zheng; Miao Sun","2","drop"
"W4402929991","Investigating Anion Effects on Metal Ion Binding Interactions With Amyloid β Peptide by Ion Mobility Mass Spectrometry","2024","4","Journal of Mass Spectrometry","University of Wisconsin–Madison","True","False","False","Jingwei Zhang; Ashley Phetsanthad","1","keep"
"W4392229293","Rapid Characterization of Phospholipids from Biological Matrix Enabled by Indium Tin Oxide (ITO) Coated Slide Assisted Enrichment MALDI Mass Spectrometry","2024","3","Analysis & Sensing","University of Wisconsin–Madison","True","False","False","Penghsuan Huang; Hua Zhang; Yuan Liu","3","keep"
"W4408108656","On-Tissue Chemical Derivatization for Mass Spectrometry Imaging of Fatty Acids with Enhanced Detection Sensitivity","2025","3","Biomolecules","University of Wisconsin–Madison","True","False","False","Malik Ebbini; Zicong Wang; Hua Zhang; Kelly H. Lu; Penghsuan Huang; Cameron J. Kaminsky; Luigi Puglielli","6","keep"
"W4413108727","Boosting Quantification of N-Glycans by an Enhanced Isobaric Multiplex Reagents for Carbonyl-Containing Compound (SUGAR) Tagging Strategy","2025","2","Journal of the American Society for Mass Spectrometry","University of Wisconsin–Madison; NanoBio (United States)","True","False","False","Jingwei Zhang; Zicong Wang; Yuan Liu; Henrik Zetterberg","3","keep"
"W4414058354","Importance of Methanesulfonic Acid in New Particle Formation in a Coastal City of Southeast China","2025","1","Geophysical Research Letters","Chinese Academy of Sciences; Institute of Urban Environment; University of Chinese Academy of Sciences","False","False","False","Ziyi Lin; Mengren Li; Xiaolong Fan; Chen Yang; Anqi Hou; Yuping Chen; Lingling Xu; Youwei Hong; Jinsheng Chen","0","drop"
"W4415648226","Stability and biocompatibility of hBD3 with different chiral configurations and their therapeutic efficacy in periodontitis","2025","1","iScience","Nanjing University","False","False","False","Miaomiao Zhang; Can Ni; Ziqing Fan; Min Wang; Wei Yuan; Wenrong Yang; Chao Liu; Fuhua Yan","0","drop"
"W2058777755","Dioxins, dibenzofurans, dioxin-like PCBs, and DDE in U.S. fast food, 1995","1997","40","Chemosphere","State University of New York","False","True","False","Arnold Schecter","1","keep"
"W1898861864","Characterization of the<i>Aplysia californica</i>Cerebral Ganglion F Cluster","1999","39","Journal of Neurophysiology","University of Illinois Urbana-Champaign","True","False","False","Stanislav S. Rubakhin; Tatiana P. Moroz; Jonathan V. Sweedler","3","keep"
"W1520357143","Mass spectrometric characterization and physiological actions of GAHKNYLRFamide, a novel FMRFamide‐like peptide from crabs of the genus <i>Cancer</i>","2006","38","Journal of Neurochemistry","University of Wisconsin–Madison","True","True","False","Nelson D. Cruz‐Bermúdez; Qiang Fu; Kimberly K. Kutz‐Naber; Andrew E. Christie; Eve Marder","5","keep"
"W2016928702","Identification of tryptic peptides from large databases using multiplexed tandem mass spectrometry: simulations and experimental results","2003","32","PROTEOMICS","Pacific Northwest National Laboratory","False","True","False","Christophe Masselon; Ljiljana Paša‐Tolić; Sang‐Won Lee; Gordon Anderson; Richard Harkewicz; Richard Smith","6","keep"
"W1589929646","Profiling of neuropeptides released at the stomatogastric ganglion of the crab, <i>Cancer borealis</i> with mass spectrometry","2005","27","Journal of Neurochemistry","University of Wisconsin–Madison; Brandeis University","True","False","False","Cyrus P. Billimoria; Eve Marder","2","keep"
"W1964442011","Matrix-assisted laser desorption/ionization Fourier transform mass spectrometry quantitation via in cell combination","2005","27","The Analyst","University of Wisconsin–Madison","True","True","False","Stephanie S. DeKeyser","1","keep"
"W2089581479","Mass spectrometric charting of neuropeptides in arthropod neurons","2006","17","Analytical and Bioanalytical Chemistry","University of Wisconsin–Madison","True","True","False","Stephanie S. DeKeyser","1","keep"
"W2033309959","Combining MALDI-FTMS and Bioinformatics for Rapid Peptidomic Comparisons","2008","12","Journal of Proteome Research","University of Wisconsin–Madison; University of Washington; Mount Desert Island Biological Laboratory","True","True","False","Joshua J. Schmidt; Sean J. McIlwain; David Page; Andrew E. Christie","4","keep"
"W2046451933","Statistically Enhanced Spectral Counting Approach to TCDD Cardiac Toxicity in the Adult Zebrafish Heart","2013","12","Journal of Proteome Research","University of Wisconsin–Madison","True","True","True","Jiang Zhang; Kevin A. Lanham; Warren Heideman; Richard E. Peterson","4","keep"
"W2007296254","Qualitative and quantitative top‐down mass spectral analysis of crustacean hyperglycemic hormones in response to feeding","2014","11","PROTEOMICS","University of Wisconsin–Madison","True","True","True","Chenxi Jia; Qing Yu; Jingxin Wang","3","keep"
"W2084096241","Fragmentation of peptides with N-terminal dimethylation and imine/methylol adduction at the tryptophan side-chain","2006","11","Journal of the American Society for Mass Spectrometry","University of Wisconsin–Madison","True","True","False","Qiang Fu","1","keep"
"W2464201934","Mass Spectrometric Imaging of Neuropeptides in Decapod Crustacean Neuronal Tissues","2010","11","Methods in molecular biology","University of Wisconsin–Madison","True","True","False","Ruibing Chen; Stephanie Cape; Robert M. Sturm","3","keep"
"W1984107577","Full‐genome nucleotide sequence and analysis of a Chinese swine hepatitis E virus isolate of genotype 4 identified in the Guangxi Zhuang autonomous region: evidence of zoonotic risk from swine to human in South China","2009","10","Liver International","Peking University","False","False","False","Yonghong Zhu; Hongwei Fu; Xianfei Wei; Ling Wang; Jingrui Liang; JI Yan-li; Ronglan Tang; Hui Zhuang","0","drop"
"W2389296943","Surface Water Quality of Beiyun Rivers Basin and the Analysis of Acting Factors for the Recent Ten Years","2012","10","","Beijing Municipal Ecological and Environmental Monitoring Center","False","False","False","","0","drop"
"W2052949005","Semi-automated liquid chromatography–mass spectrometric imaging platform for enhanced detection and improved data analysis of complex peptides","2013","9","Journal of Chromatography A","University of Wisconsin–Madison; Highland Community College - Illinois","True","True","False","Zichuan Zhang; Shan Jiang","2","keep"
"W2471939286","Multiple gas-phase conformations of proline-containing peptides: is it always cis/trans isomerization?","2016","7","The Analyst","University of Wisconsin–Madison; Madison Group (United States)","True","True","True","Christopher B. Lietz; Zhengwei Chen; Chang Yun Son; Xueqin Pang; Qiang Cui","5","keep"
"W2045912113","Measurement of NMDA receptor antagonist, CPP, in mouse plasma and brain tissue following systemic administration using ion-pair LC-MS/MS","2014","6","Analytical Methods","University of Wisconsin–Madison; Madison Group (United States)","True","True","False","Erin Gemperline; Kurt Laha; Cameron O. Scarlett; Robert A. Pearce","4","keep"
"W3132240499","Targeted Top-Down Mass Spectrometry for the Characterization and Tissue-Specific Functional Discovery of Crustacean Hyperglycemic Hormones (CHH) and CHH Precursor-Related Peptides in Response to Low pH Stress","2021","6","Journal of the American Society for Mass Spectrometry","University of Wisconsin–Madison; Highland Community College - Illinois","True","True","True","Yang Liu; Gongyu Li","2","keep"
"W2886758265","Accurate Modeling and Identification of Servo-Hydraulic Cylinder Systems in Multi-Axial Test Applications","2013","5","Repository of the University of Ljubljana (University of Ljubljana)","","False","False","False","Thomas Thurner","0","drop"
"W2185047895","Biologically Active Peptides in Invertebrates: Discovery and Functional Studies","2015","4","","","False","True","False","Qing Yu; Zhidan Liang; Chuanzi OuYang","3","keep"
"W4390744008","Age-Dependent Effects of Voluntary Wheel Running Exercise on Voiding Behavior and Potential Age-Related Molecular Mechanisms in Mice","2024","4","The Journals of Gerontology Series A","University of Wisconsin–Madison","True","False","False","Teresa T. Liu; Laura E. Pascal; Scott R. Bauer; Hannah N. Miles; Jules B. Panksepp; Granville L. Lloyd; Donald Defranco; William A. Ricke","2","keep"
"W2397297887","Mass Spectrometric Characterization of Neuropeptides","2009","3","Methods in molecular biology","University of Wisconsin–Madison","True","True","False","Stephanie Cape; James A. Dowell","2","keep"
"W4200009041","Nanosecond Photochemical Reaction (nsPCR) for Enhanced Mass Spectrometric Identification, Quantification, and Visualization of Metabolites and Neuropeptides","2021","3","Methods in molecular biology","University of Wisconsin–Madison","True","True","True","Gongyu Li; Yuan Liu","2","keep"
"W4210288191","Isotopic N,N-dimethyl leucine tags for absolute quantification of clusterin and apolipoprotein E in Alzheimer's disease","2022","3","Journal of Proteomics","University of Wisconsin–Madison","True","True","True","Yuan Liu; Hua Zhang; Xiaofang Zhong; Zihui Li; Henrik Zetterberg","5","keep"
"W2499545095","[Improvement of Air Quality During APEC in Beijing in 2014].","2016","2","PubMed","","False","False","False","Nianliang Cheng; Yunting Li; Da-wei Zhang; Tian Chen; Jin Li; Lei Jiang","0","drop"
"W4387326189","Cysteine Counting via Isotopic Chemical Labeling for Intact Mass Proteoform Identifications in Tissue","2023","2","Analytical Chemistry","University of Wisconsin–Madison","True","True","False","John G. Pavek; Brian L. Frey; Dustin C. Frost; Ting‐Jia Gu; Lloyd M. Smith","5","keep"
"W2410788778","Characterization of Zebrafish Cardiac Proteome Using Online pH Gradient SCX–RP HPLC–MS/MS Platform","2013","6","Methods in molecular biology","University of Wisconsin–Madison","True","True","False","Jiang Zhang; Kevin A. Lanham; Warren Heideman; Richard E. Peterson","4","keep"
"W4211054692","Biologically Active Peptides in Invertebrates","2015","4","Colloquium Series on Neuropeptides","","False","True","True","Qing Yu; Zhidan Liang; Chuanzi OuYang","3","keep"
"W4229005392","A Spin-Tip Enrichment Strategy for Simultaneous Analysis of N-Glycopeptides and Phosphopeptides from Human Pancreatic Tissues","2022","3","Journal of Visualized Experiments","University of Wisconsin–Madison","True","True","True","Dylan Nicholas Tabang; Danqing Wang","2","keep"
"W4311315022","Ectopic CH60 mediates HAPLN1-induced cell survival signaling in multiple myeloma","2022","3","Life Science Alliance","University of Wisconsin–Madison","True","False","False","Debayan De Bakshi; Yu-Chia Chen; Shelly M. Wuerzberger‐Davis; M Ma; Bayley J. Waters; Aussie Suzuki; Shigeki Miyamoto","1","keep"
"W2605426454","The Chemistry of Thought: The Role of the Measurement Sciences in Brain Research","2017","2","Analytical Chemistry","University of Wisconsin–Madison","True","True","True","Anne M. Andrews; Rohit Bhargava; Robert T. Kennedy; Jonathan V. Sweedler","4","keep"
"W3197289645","Bicarbonate buffers can promote crosslinking and alternative gas-phase dissociation pathways for multiprotein complexes","2021","2","International Journal of Mass Spectrometry","University of Wisconsin–Madison","True","False","False","Gongyu Li; Junfeng Huang; Zhen Zheng; Qinjingwen Cao; Yuwei Tian; Guangming Huang; Brandon T. Ruotolo","5","keep"
"W4309411083","GDF15 negatively regulates RGS16 to impair hepatic lipid metabolism in male mice offspring conceived by in vitro fertilization.","2022","2","PubMed","Soochow University; First Affiliated Hospital of Soochow University","False","False","False","Jingliu Liu; Yichen Zhu; Dan Zhu; Yajun Shi; Likui Lu; Weisheng Li; Xiuwen Zhou; Pengjie Zhang; Hao Yang; Min Li; Bin Wang; Miao Sun","2","drop"
"W4214721749","Multidisciplinary non-surgical treatment of advanced periodontitis: A case report","2022","1","World Journal of Clinical Cases","Nanjing Medical University","False","False","False","Yan Xiang; Qing Yu; Fuhua Yan; Baochun Tan","1","drop"
"W4286826541","Multi-Faceted Mass Spectrometric Investigation of Neuropeptides in &lt;em&gt;Callinectes sapidus&lt;/em&gt;","2022","1","Journal of Visualized Experiments","University of Wisconsin–Madison","True","True","False","Ashley Phetsanthad; Nhu Q. Vu","2","keep"
"W4400980271","12-Plex Isobaric Multiplex Labeling Reagents for Carbonyl-Containing Compound (SUGAR) Tag-Enabled High-Throughput Quantitative Glycomics","2024","1","Methods in molecular biology","University of Wisconsin–Madison","True","True","False","Miyang Li; Feng Yu; M Ma","3","keep"
"W4404993602","<i>sn</i>-Position-Resolved Quantification of Aminophospholipids by Isotopic <i>N</i>,<i>N</i>-Dimethyl Leucine Labeling and High-Resolution Ion Mobility Mass Spectrometry","2024","1","Analytical Chemistry","University of Wisconsin–Madison","True","False","False","Shuling Xu; Zhijun Zhu; Ting‐Jia Gu; Zicong Wang; Daniel G. Delafield; Michael J. Rigby; Gaoyuan Lu; M Ma; Peng-Kai Liu; Luigi Puglielli","10","keep"
"W4410349631","Impact of glucagon oxidation on fibril formation","2025","1","International Journal of Mass Spectrometry","University of Wisconsin–Madison; Wisconsin Institutes for Discovery","True","False","False","Aleksandra Antevska; Gaoyuan Lu; Emmanuel Nkyaagye; Sarah S. Hirschbeck; Connor C. Long; D. Thanh","1","keep"
"W4410456273","Development of A Novel EvaGreen-Dye Based Recombinase Aided Amplification Assay Using Self-Avoiding Molecular Recognition System Primers.","2025","1","PubMed","Henan Normal University","False","False","False","Xinxin Shen; Shaowei Hua; Zijin Zhao; Fengyu Tian; Xuejun Ma","0","drop"
"W4414877077","13-Plex DeAla Isobaric Reagents for High-Throughput Proteome Quantification","2025","1","Analytical Chemistry","University of Wisconsin–Madison; NanoBio (United States)","True","False","False","Peng-Kai Liu; Ting‐Jia Gu; Shuling Xu; Alexander Nassar; Zicong Wang; Hung-Yu Chiang; Danqing Wang","5","keep"
"W2059249124","Characterization of peptides from Aplysia using microbore liquid chromatography with matrix-assisted laser desorption/ionization time-of-flight mass spectrometry guided purification","1999","33","Journal of Chromatography A","University of Illinois Urbana-Champaign","True","True","False","Philip D. Floyd; Tatiana P. Moroz; Jonathan V. Sweedler","3","keep"
"W1621011145","Safe separation of sputum cells from mucoid glycoprotein.","1995","20","PubMed","","False","False","False","Melvyn S. Tockman; You‐Lin Qiao; Guihu Zhao; Rahul Sharma; L L Cavenaugh; Yener S. Erozan","0","drop"
"W2137645518","Investigation of several unique tandem mass spectrometric fragmentation patterns of NFDEIDR, an orcokinin analog, and its N‐terminal dimethylated form","2006","15","Rapid Communications in Mass Spectrometry","University of Wisconsin–Madison","True","True","False","Qiang Fu","1","keep"
"W1977032391","Neutral loss of water from the b ions with histidine at the C‐terminus and formation of the c ions involving lysine side chains","2006","13","Journal of Mass Spectrometry","University of Wisconsin–Madison; Highland Community College - Illinois","True","True","False","Qiang Fu","1","keep"
"W2439562652","MALDI-MS-Assisted Molecular Imaging of Metabolites in Legume Plants","2014","4","Methods in molecular biology","University of Wisconsin–Madison","True","False","False","Erin Gemperline","1","keep"
"W1851579449","Synthesis and characterization of a new retinoic acid ECPIRM as potential chemotherapeutic agent for human cutaneous squamous carcinoma","2015","3","Anti-Cancer Agents in Medicinal Chemistry","","False","False","False","Mengli Zhang; Yue Tao; Pengcheng Ma; Dechuan Wang; Chundi He; Yuping Cao; Jun Wei; Lei Tao","0","drop"
"W2408410830","Multi-Method Observation and Numerical Simulation of a PM2.5 Pollution Episode in Beijing in October, 2014","2016","3","Aerosol and Air Quality Research","Beijing Municipal Ecological and Environmental Monitoring Center","False","False","False","Zhanshan Wang; Dawei Zhang; Xuan Li; Yunting Li; Tian Chen; Baoxian Liu; Teng Nie; Libo Pan","0","drop"
"W4210844279","Complementary proteome and glycoproteome access revealed through comparative analysis of reversed phase and porous graphitic carbon chromatography","2022","3","Analytical and Bioanalytical Chemistry","University of Wisconsin–Madison","True","True","False","Daniel G. Delafield; Hannah N. Miles; Yuan Liu; William A. Ricke","4","keep"
"W2384596341","The Characteristic of Atmospheric Particle Size Distribution and Their Light Extinction Effect in Beijing during Winter and Spring Time","2008","2","","","False","False","False","","0","drop"
"W2490670330","Site-specific Localization of D-Amino Acids in Bioactive Peptides by Ion Mobility Spectrometry","2016","2","Neuromethods","University of Wisconsin–Madison; Tianjin University","True","True","False","Chenxi Jia; Christopher B. Lietz; Qing Yu","3","keep"
"W2616391048","Analysis of Neuropeptide Expression and Localization in Adult <i>Drosophila melanogaster</i> Central Nervous System by Affinity Cell-Capture Mass Spectrometry","2009","2","Journal of Proteome Research","","False","True","False","Joanne Y. Yew; Yun Wang; Natasha S. Barteneva; Sergei Dikler; Kimberly K. Kutz‐Naber; Edward A. Kravitz","6","keep"
"W3009857083","Liquid Chromatography Tandem Mass Spectrometry Based Label-Free Quantification Method for Assessment of Allergen-Induced Anaphylactoid Reactions","2020","2","Journal of the American Society for Mass Spectrometry","University of Wisconsin–Madison","True","True","False","Yanni Lv; Jia Fu; Qianqian Jia; Hengtao Dong; Shengli Han; Langchong He","6","keep"
"W4200229794","Gold Nanoclusters Exert Bactericidal Activity and Enhance Phagocytosis of Macrophage Mediated Killing of Fusobacterium nucleatum","2021","2","Frontiers in Materials","Nanjing University","False","False","False","Rixin Chen; Dan Qiao; Peng Wang; Yangheng Zhang; Fuhua Yan","0","drop"
"W4283221437","Multi-Faceted Mass Spectrometric Investigation of Neuropeptides in &lt;em&gt;Callinectes sapidus&lt;/em&gt;","2022","2","Journal of Visualized Experiments","University of Wisconsin–Madison","True","True","True","Ashley Phetsanthad; Nhu Q. Vu","2","keep"
"W4385476712","Development of novel isobaric tags enables accurate and sensitive multiplexed proteomics using complementary ions","2023","2","Analytical and Bioanalytical Chemistry","University of Wisconsin–Madison","True","True","True","Miyang Li; M Ma","2","keep"
"W2383035655","Changing properties of atmospheric lead pollution in Beijing.","2010","1","China Environmental Science","Beijing Municipal Ecological and Environmental Monitoring Center","False","False","False","Ying Wang","0","drop"
"W2461638788","[The comparison of CD4(+);CD25(high); Foxp3(+); regulatory T cells between neonatal cord blood and adult peripheral blood.].","2009","1","PubMed","","False","False","False","Xueye Wang; Mei Han; Xiao Zhong-ping; Lin Chen; Ling-Huan Kong; Kun Fu; Tao Feng","0","drop"
"W2969259796","Discovery of Missing Methylation Sites on Endogenous Peptides of Human Cell Lines","2019","1","Journal of the American Society for Mass Spectrometry","University of Wisconsin–Madison; Tianjin University","True","True","False","Xin Yan; Chenxi Jia","2","keep"
"W3096549968","Immunosuppression of methionine deficiency on the number of IgA+ B cells and sIgA content in the cecal tonsil of broiler chicken.","2018","1","The Indian Veterinary Journal","","False","False","False","Tao Ruan; Xi Peng; Wu BangYuan","0","drop"
"W3150792906","Mass spectrometry-based proteomics and peptidomics for systems biology and biomarker discovery","2012","1","Frontiers in Biology","University of Wisconsin–Madison","True","True","False","Robert Cunningham; Di Ma","2","keep"
"W3208103315","Understanding the Binding Mode of Losartan Upon GPVI via a Molecular Simulation Study","2021","1","Journal of Computational Biophysics and Chemistry","Tianjin Institute of Pharmaceutical Research (China)","False","False","False","Zhichao Zheng; Jing Jin; Lei Liu; Xiaoyan Meng; Qunchao Wei; Fancui Meng","0","drop"
"W4286826734","A Spin-Tip Enrichment Strategy for Simultaneous Analysis of N-Glycopeptides and Phosphopeptides from Human Pancreatic Tissues","2022","1","Journal of Visualized Experiments","University of Wisconsin–Madison","True","True","False","Dylan Nicholas Tabang; Danqing Wang","2","keep"
"W2912347251","METASPACE: A community-populated knowledge base of spatial metabolomes in health and disease","2019","91","bioRxiv (Cold Spring Harbor Laboratory)","University of Wisconsin–Madison; Humboldt-Universität zu Berlin","True","False","False","Theodore Alexandrov; Katja Ovchinnikova; Andrew Palmer; Vitaly Kovalev; Artem Tarasov; Lachlan Stuart; Renat Nigmetzianov; Dominik Fay; Key METASPACE contributors; Mathieu Gaudin; Cristina López; Marina Vetter; John G. Swales; Mark T. Bokhart; Mario Kompauer; James S. McKenzie; Luca Rappez; Dušan Veličković; Regis Lavigne; Guanshi Zhang; Dinaiz Thinagaran; Elisa Ruhland; Marta Sans; Sergio Triana; Denis Abu Sammour; Sarah Aboulmagd; Charlotte Bagger; Nicole Strittmatter; Angelos Rigopoulos; Erin Gemperline; Asta Maria Joensen; Benedikt Geier; Christine Quiason; Eric Weaver; Mridula Prasad; Benjamin Balluff; Konstantin O. Nagornov; Michael Linscheid; Carsten Hopf; Dimitri Heintz; Manuel Liebeke; Bernhard Spengler; Berin A. Boughton; Christian Janfelt; Kumar Sharma; Charles Pineau; Christopher Anderton; Shane R. Ellis; Michael Becker; József Pánczél; Georges Da Violante; David C. Muddiman; Richard J. A. Goodwin; Lívia S. Eberlin; Zoltán Takáts; Sheerin Shahidi-Latham","2","keep"
"W2921148963","Change Point Detection in the Mean of High-Dimensional Time Series Data under Dependence","2019","6","arXiv (Cornell University)","","False","False","False","Jun Li; Minya Xu; Ping‐Shou Zhong","0","drop"
"W4327935673","Cancer-derived mutation in the OGA stalk domain promotes cell malignancy through dysregulating PDLIM7 and p53","2023","4","Research Square","","False","False","False","Chia‐Wei Hu; Ao Wang; Dacheng Fan; Matthew Worth; Zhengwei Chen; Junfeng Huang; Jinshan Xie; John F. MacDonald; Jiaoyang Jiang","6","keep"
"W4408007777","TEMI: Tissue Expansion Mass Spectrometry Imaging","2025","4","bioRxiv (Cold Spring Harbor Laboratory)","University of Wisconsin–Madison","True","False","False","Hua Zhang; Lang Ding; Amy Hu; Xudong Shi; Penghsuan Huang; Haiyan Lu; Paul W. Tillberg; Meng C. Wang","4","keep"
"W4412835683","cNPDB: A comprehensive empirical crustacean neuropeptide database","2025","4","bioRxiv (Cold Spring Harbor Laboratory)","University of Wisconsin–Madison","True","False","False","Vu Ngoc Huong Tran; Thao Duong; Lauren Fields; Kosta Tourlouskis; Margot Beaver","2","keep"
"W4411325590","Unlocking the Neuropeptidome using a Novel Endogenous Peptidomics Framework","2025","2","bioRxiv (Cold Spring Harbor Laboratory)","University of Wisconsin–Madison","True","False","False","Lauren Fields; Wenxin Wu; Tina C. Dang; Angel Erbey Ibarra; Mitchell Gray","4","keep"
"W4411744649","HILIC-Enabled Mass Spectrometric Discovery of Novel Endogenous and Glycosylated Neuropeptides in the American Lobster Nervous System","2025","2","bioRxiv (Cold Spring Harbor Laboratory)","University of Wisconsin–Madison; Wisconsin Institutes for Discovery","True","False","False","Vu Ngoc Huong Tran; Gaoyuan Lu; Thao Duong; Angel Erbey Ibarra; Feixuan Wu; Margot Beaver","4","keep"
"W2592657635","Following Neuropeptide Processing, Distribution, Transport, and Release Using Novel Mass Spectrometric Approaches","2000","1","","","False","False","False","","0","drop"
"W3048023272","Extrasynaptic volume transmission: A novel route for neuropeptide signaling in nematodes","2020","1","bioRxiv (Cold Spring Harbor Laboratory)","University of Wisconsin–Madison","True","False","False","Louise E. Atkinson; Yang Liu; Fiona M. McKay; Elke Vandewyer; Charles Viau; Allister Irvine; Bruce A. Rosa; Zihui Li; Nikki J. Marks; Aaron G. Maule; Makedonka Mitreva; Isabel Beets; Angela Mousley","13","keep"
"W3152939214","Effects of Gold Nanoparticles Combined Human β-defensin 3 on The Alveolar Bone of Experimental Periodontitis","2021","1","Research Square","Nanjing University","False","False","False","Jing Zhou; Di Cui; Xiao‐Ting Xie; Wenrong Yang; Fuhua Yan","0","drop"
"W4226088804","Enabling global analysis of protein citrullination and homocitrullination via biotin thiol tag-assisted mass spectrometry","2022","1","Research Square","University of Wisconsin–Madison","True","True","False","Yatao Shi; Zihui Li; Bin Wang; Xudong Shi; Hui Ye; Daniel G. Delafield; Langlang Lv; Zhengqing Ye; Zhengwei Chen; Fengfei Ma","10","keep"
"W4293189277","GDF15 negatively regulates RGS16 involving in abnormal lipid metabolism in IVF-ET male mice offspring","2022","1","Research Square","Soochow University; First Affiliated Hospital of Soochow University","False","False","False","Jingliu Liu; Yichen Zhu; Dan Zhu; Yajun Shi; Likui Lu; Weisheng Li; Xiuwen Zhou; Hao Yang; Bin Wang; Miao Sun","2","drop"
"W4399197737","Yuan 2.0-M32: Mixture of Experts with Attention Router","2024","1","arXiv (Cornell University)","","False","False","False","Shaohua Wu; Jiangang Luo; Xi Chen; Xudong Zhao; Tong Yu; Chao Wang; Yue Wang; Fei Wang; Weixu Qiao; Houbo He; Zeru Zhang; Zeyu Sun; Junxiong Mao; Chong Shen","0","drop"
"W4402612409","Measurement report: The variation properties of aerosol hygroscopic growth related to chemical composition during new particle formation days in a coastal city of southeast China","2024","1","","Chinese Academy of Sciences; Institute of Urban Environment; University of Chinese Academy of Sciences","False","False","False","Mengren Li; Xiaolong Fan; Yuping Chen; Ziyi Lin; Anqi Hou; Siqing Zhang; Ronghua Zheng; Jinsheng Chen","0","drop"
"W4405104580","Development of Potent and Selective RIPK1 Degraders with In Vivo Efficacy for Cancer Treatment","2024","1","ChemRxiv","University of Wisconsin–Madison","True","False","False","Zhen Zhang; Chunrong Li; Nina Hawkins; Ramesh Mudududdla; Yiming Nie; Peng-Kai Liu; Penghsuan Huang; Natalia del Río; Hao Chang; Matthew E. Brown; Weiping Tang","4","keep"
"W7134925877","Quantitative Neuropeptidomics Reveals Thermal Acclimation-Induced Remodeling of Peptidergic Signaling in the American Lobster <i>Homarus americanus</i>","2026","1","bioRxiv (Cold Spring Harbor Laboratory)","University of Wisconsin–Madison; Wisconsin Institutes for Discovery","True","False","False","Vu Ngoc Huong Tran; Sonal Kedia; Gaoyuan Lu; Kendra G. Selby; Thao Duong; Zachary Del Mundo; Eve Marder","4","keep"
"W2060110392","NEW CLASSIFIER FOR MECHANICAL SYSTEM FAULTS","2004","0","Journal of Mechanical Engineering","","False","False","False","","0","drop"
"W2188987939","in the Rat Hippocampus Nicotinic Cholinergic Excitation of CA1 Interneurons NMDA and AMPA Receptors Contribute to the","2015","0","","","False","False","False","Edna F. R. Pereira; Edson X. Albuquerque; Jianping Xiao; Jie Chen; Jianying Tao; Caiping Mao; Zhice Xu; Jiayue Li; Pengjie Zhang; Qinqin Gao; Jiaqi Tang; Chonglong Wu; Dawei Li","0","drop"
"W2307918006","Analysis of the complete genome sequence of the swine hepatitis E virus strain CHN-XJ-SW33 isolated from Xinjiang, China.","2010","0","Chinese Preventive Medicine","","False","False","False","Fu Hongwei; Gang Du; Yonghong Zhu; Ling Wang; Geng JiaBao; Xue Cheng; Xiaojuan Wang; Zhuang Hui","0","drop"
"W2331015002","Inside back cover: Biomarker discovery in mass spectrometry‐based urinary proteomics","2016","0","PROTEOMICS - CLINICAL APPLICATIONS","","False","True","False","Samuel Thomas; Ling Hao; William A. Ricke","3","keep"
"W2349792769","Some Issues on the Study of Context and Discourse","2010","0","Journal of Inner Mongolia University","Inner Mongolia University","False","False","False","","0","drop"
"W2354395473","Cognitive Contextualism and Traditional Contectualism: A comparison","2004","0","Journal of Inner Mongolia University","Inner Mongolia University","False","False","False","","0","drop"
"W2355672927","An indirect ELISA for measuring serum free .BETA.-HCG","2010","0","Chinese Journal of Clinical Laboratory Science","","False","False","False","Shulian Chen; Xiangdong Li; Zhaowei Zeng; Huiqiang Li; Xueqian Wang","0","drop"
"W2363177222","MOPITT-based Measurement and Analysis of CO Concentration Before and After Olympic Games in Beijing","2009","0","Journal of Atmospheric and Environmental Optics","Beijing Municipal Ecological and Environmental Monitoring Center","False","False","False","","0","drop"
"W2366007116","Microchip electrochromatography: the latest developments and applications","2010","0","Chinese Journal of Chromatography","","False","False","False","Junhu Wang; Weihua Huang; Jieke Cheng","0","drop"
"W2369337670","Developing Suburban Green Space and Constructing Ecological Network of City Green Space","2007","0","Journal of Nanchang Institute of Technology","Southwest University","False","False","False","","0","drop"
"W2379312558","Quantitative determination of chlorogenic acid,ferulic acid and glycyrrhizic acid in Si-Miao-Yong-An decoction by capillary zone electrophoresis","2006","0","","","False","False","False","","0","drop"
"W2380026371","Orthogonal design for optimizing the semi-bionic extraction of Simiao Yongan Decoction","2006","0","","","False","False","False","","0","drop"
"W2383586283","[Study on atmospheric particles and their long-term trend in Beijing cleaning area].","2011","0","PubMed","Beijing Municipal Ecological and Environmental Monitoring Center","False","False","False","Ying Wang; Jinxiang Li","0","drop"
"W2390839704","The Innovation of Directional Sport and University Physical Education Course","2006","0","Journal of Hunan Institute of Humanities, Science and Technology","Hunan University of Humanities, Science and Technology","False","False","False","","0","drop"
"W2416191195","[Progress of research on transmission and pathogenesis of hepatitis E virus].","2009","0","PubMed","Peking University","False","False","False","Yong-hong Zhu; Ling Wang; Hongwei Fu; Hui Zhuang","0","drop"
"W2555157870","Mechanistic Deficits Of a Leukemogenic GATA-2 Mutant","2013","0","Blood","University of Wisconsin–Madison","True","False","False","Koichi R. Katsumura; Chenxi Yang; Jing Zhang; Kirby D. Johnson; Emery H. Bresnick","3","keep"
"W261208889","Measurement and clinical significance of CD4+ CD25+ Foxp3+ regulatory T cells in peripheral blood of gastric cancer patients.","2009","0","Zhongguo mianyixue zazhi","","False","False","False","Wang XueYe; Mei Han; Lin Chen; Xu YiDuo; Xiao Zhong-ping; Kong LingHuan; Fu Kun; Tao Feng; Changbin Gao","0","drop"
"W2731758907","<i>IN VIVO</i> NEUROCHEMICAL MONITORING OF THE CRAB <i>CANCER BOREALIS VIA</i> MICRODIALYSIS AND MASS SPECTROMETRY","2017","0","WORLD SCIENTIFIC eBooks","University of Wisconsin–Madison","True","False","False","Zhidan Liang","1","keep"
"W276215687","Alteration of CD4+ CD25+ regulatory T cells and Foxp3 in peripheral blood of aplastic anemia patients and its clinical significance.","2009","0","Zhongguo mianyixue zazhi","","False","False","False","Wang XueYe; Mei Han; Guangmin Yang; Xiao Zhong-ping; Fu Kun; Tao Feng","0","drop"
"W2804398540","Effects of methionine deficiency on the number of IgA+ B cells and immunoglobulins in ileum of broiler chicken","2018","0","Indian Journal of Animal Research","China West Normal University","False","False","False","Tao Ruan; Bangyuan Wu","0","drop"
"W2886161308","Accurate black-grey box identification method for servohydraulic cylinder systems in multi axis test applications","2013","0","","","False","False","False","Thomas Thurner","0","drop"
"W2914082957","Characterizing the interaction modes of PAR4 receptor with agonist and antagonist by molecular simulation approach","2019","0","Journal of Theoretical and Computational Chemistry","Tianjin Institute of Pharmaceutical Research (China)","False","False","False","Nan Lü; Fancui Meng; Jing Yuan; Lei Liu; Yanshi Wang; Tong Zhao; Weiren Xu; Lida Tang; Youjun Xu","0","drop"
"W3000565041","Transcriptional elongation machinery controls vulnerability of breast cancer cells to PRC2 inhibitors","2020","0","bioRxiv (Cold Spring Harbor Laboratory)","University of Wisconsin–Madison","True","True","False","Ngai Ting Chan; Peng Liu; Junfeng Huang; Yidan Wang; Irene M. Ong; Wei Xu","6","keep"
"W3004917448","トリプトファン側鎖でのN-末端ジメチル化とイミン/メチロール付加によるペプチドのフラグメンテーション | 文献情報 | J-GLOBAL 科学技術総合リンクセンター","2006","0","Journal of the American Society for Mass Spectrometry","","False","False","False","Qiang Fu","1","drop"
"W3005100546","トリプトファン側鎖でのN-末端ジメチル化とイミン/メチロール付加によるペプチドのフラグメンテーション","2006","0","Journal of the American Society for Mass Spectrometry","","False","False","False","Fu Qiang","0","drop"
"W3029167219","Transcatheter arterial chemoembolization using raltitrexed and lobaplatin for advanced hepatocellular carcinoma","2017","0","Zhonghua putong waike zazhi","","False","False","False","Hengfei Ma; Xuegang Yang; Huixian Ma; Huina Zhou; Jingjing Lyu","0","drop"
"W3029511518","Development of a model for Candida albicans infection using tissue-engineered human skin substitutes","2013","0","Chinese Journal of Dermatology","Chinese Academy of Medical Sciences & Peking Union Medical College","False","False","False","Yuping Cao; Yongnian Shen; Guixia Lyu; Le Wang; Rong Zeng; Qing Cai","0","drop"
"W3029945224","Adenovirus-mediated IL-24 gene expression induces apoptosis in a human squamous cell carcinoma cell line COLO 16","2015","0","Chinese Journal of Dermatology","","False","False","False","Xinxin Ma; Mengli Zhang; Yuping Cao; Qiuju Wu","0","drop"
"W3031441490","Construction of a Trichophyton mentagrophytes-infected tissue-engineered skin model","2016","0","Chinese Journal of Dermatology","Chinese Academy of Medical Sciences Dermatology Hospital","False","False","False","Yuping Cao; Yongnian Shen; Guixia Lyu; Le Wang; Rong Zeng; Pengcheng Ma; Weida Liu","0","drop"
"W3041109025","Analysis of Catheter-Related Infections and Risk Factors in Hemodialysis Patients","2019","0","","","False","False","False","Fang Qi; Jia Xueping","0","drop"
"W3046592582","The Spatiotemporal Dynamics of Low-abundance Bioactive Lipids in Arteries Undergoing Restenosis Observed and Identified at High Spatial Resolving Power with Multi-modal Mass Spectrometry Imaging","2020","0","Microscopy and Microanalysis","University of Wisconsin–Madison","True","False","False","Gregory L. Fisher; Yatao Shi; Jillian Johnson; Bowen Wang; Bingming Chen; Go Urabe; Xudong Shi; K. Craig Kent; Lian‐Wang Guo","9","keep"
"W3108996210","35th ASMS Asilomar Conference on Mass Spectrometry. Mass Spectrometry Imaging: New Developments and Applications","2020","0","Journal of the American Society for Mass Spectrometry","University of Wisconsin–Madison","True","False","False","Julia Laskin; Jeffrey M. Spraggins","1","keep"
"W3118375653","Protocol of 4-plex N,N-Dimethyl Leucine Isobaric Labeling Based Proteome Quantitation by LC-MS/MS","2019","0","Research Square","","False","False","False","Yusi Cui; Qing Yu","2","keep"
"W3134640489","Enabling global analysis of protein citrullination and homocitrullination via biotin thiol tag-assisted mass spectrometry","2021","0","Research Square","University of Wisconsin–Madison","True","True","False","Yatao Shi; Zihui Li; Bin Wang; Xudong Shi; Hui Ye; Daniel G. Delafield; Langlang Lv; Zhengqing Ye; Zhengwei Chen; Fengfei Ma","10","keep"
"W3140386298","The comparison of CD4~+ CD25~(high) Foxp3~+ regulatory T cells between neonatal cord blood and adult peripheral blood","2009","0","","","False","False","False","","0","drop"
"W3156060789","UPF1&amp;nbsp;Impacts on mTOR Signaling Pathway and Autophagy in Endometrioid&amp;nbsp;Endometrial&amp;nbsp;Carcinoma","2020","0","SSRN Electronic Journal","Guangzhou Medical University","False","False","False","Minfen Zhang; Hui Chen; Ping Qin; Tonghui Cai; Ruichao Chen; Hao Chen; Amanda Strickland; Shaoyan Liu; Hanzhen Xiong; Qingping Jiang","0","drop"
"W3173684625","Effects of travelling path on species features of community in longchiman nature reserve","1999","0","He'nan kexue","","False","False","False","Ye Yongzhong; Tian Ziqiang; Xuanwei Zhu; Zhuo Weihua; Bai Lin","0","drop"
"W3201506385","Sialylation Fine-Tunes Glycoprotein Structural Microheterogeneity Associated with Alzheimer’s Disease as Captured by Native Ion Mobility-Mass Spectrometry","2020","0","ChemRxiv","University of Wisconsin–Madison","True","False","False","Gongyu Li; Ashley Phetsanthad; M Ma; Qinying Yu; Ashita Nair; Zhen Zheng; Kellen DeLaney; Fengfei Ma; Seungpyo Hong","9","keep"
"W3211948855","A narrative review of human epidermal growth factor receptor 2 (HER2)-targeted antibody-drug conjugates in the treatment of breast cancer","2021","0","Translational Breast Cancer Research","Shanghai East Hospital","False","False","False","Qun Li; Ye Guo; Fengjuan Lin; Xiaoxiao Ge; Wei Zhao; Jin Li","0","drop"
"W3214667282","On-tissue spatial proteomics integrating MALDI-MS imaging with shotgun proteomics reveals soy consumption-induced biomarkers in a fragile X syndrome mouse model","2021","0","bioRxiv (Cold Spring Harbor Laboratory)","University of Wisconsin–Madison","True","True","False","M Ma; Qinying Yu; Daniel G. Delafield; Yusi Cui; Zihui Li; Wenxin Wu; Xudong Shi; Alejandra Gutierrez; Pamela R. Westmark; Meng Xu; Cara J. Westmark","11","keep"
"W4233306719","A 4-gene signature predicts prognosis of uterine serous carcinoma","2020","0","Research Square","Third Affiliated Hospital of Guangzhou Medical University; Guangzhou Medical University","False","False","False","Hui Chen; Ping Qin; Hanzhen Xiong; Ruichao Chen; Minfen Zhang; Qingping Jiang","0","drop"
"W4245675084","Sialylation Fine-Tunes Glycoprotein Structural Microheterogeneity Associated with Alzheimer’s Disease as Captured by Native Ion Mobility-Mass Spectrometry","2020","0","ChemRxiv","University of Wisconsin–Madison","True","False","False","Gongyu Li; Ashley Phetsanthad; M Ma; Qinying Yu; Ashita Nair; Zheng Zhen; Kellen DeLaney; Fengfei Ma; Seungpyo Hong","8","keep"
"W4247733417","A 4-gene signature predicts prognosis of uterine serous carcinoma","2020","0","Research Square","Third Affiliated Hospital of Guangzhou Medical University; Guangzhou Medical University","False","False","False","Hui Chen; Ping Qin; Hanzhen Xiong; Ruichao Chen; Minfen Zhang; Qingping Jiang","0","drop"
"W4286853205","MALDI-Mass Spectrometric Imaging for the Investigation of Metabolites in &lt;em&gt;Medicago truncatula&lt;/em&gt; Root Nodules","2014","0","Journal of Visualized Experiments","","False","False","False","Erin Gemperline","1","keep"
"W4297932379","Gingival recession and minimally invasive tunnel technique","2019","0","DOAJ (DOAJ: Directory of Open Access Journals)","Nanjing University","False","False","False","YAN Fuhua","0","drop"
"W4298022426","Mass spectral characterization of peptide transmitters/hormones in the nervous system and neuroendocrine organs of the American lobster Homarus americanus","2020","0","UNC Libraries","","False","True","False","Michael F. Goy; Eleanor K. Bors; Andrew E. Christie; Ruibing Chen; Molly A. Kwiatkowski; Mingming Ma; Christopher C. Goiney; Gregory L. Sousa","8","keep"
"W4366978051","Meeting Report on the 2nd Chinese American Society for Mass Spectrometry Conference: Advancing Biological and Pharmaceutical Mass Spectrometry","2023","0","Molecular & Cellular Proteomics","University of Wisconsin–Madison; University of Alberta","True","False","False","Yue Chen; Ying Ge; Xianlin Han; Hao Ling; Tao Huan; Liang Li; Wenkui Li; Xiaorong Liang; Yanping Lin; Xiaowen Liu; Yansheng Liu; Shuguang Ma; Junmin Peng; Wilson Z. Shou; Liangliang Sun; Wenqing Tao; Yu Tian; Y. Karen Wang; Yinsheng Wang; Ronghu Wu; Si Wu; Jianguo Xia; Zhibo Yang; Hui Zhang; Hui Zhang; Shou‐Xun Zhao; Naidong Weng; Lan Huang","1","keep"
"W4385306692","P02-030-23 Plasma Phospholipid Polyunsaturated Fatty Acids in Early Pregnancy and Thyroid Function Throughout Pregnancy: A Longitudinal Study","2023","0","Current Developments in Nutrition","","False","False","False","Anna Birukov; Ruijin Lu; Natalie L. Weir; Zhen Chen; Shristi Rawal; Michael Y. Tsai; Cuilin Zhang","0","drop"
"W4388139879","Focus on Next Generation Mass Spectrometry Omics Technologies, in Honor of Dr. Erin Baker, Recipient of the 2022 ASMS Biemann Medal","2023","0","Journal of the American Society for Mass Spectrometry","","False","False","False","Facundo M. Fernández","0","drop"
"W4389521000","Meeting Report on the 3rd Chinese American Society for Mass Spectrometry Conference—Advancing Biological and Pharmaceutical Mass Spectrometry","2023","0","Biomedical Chromatography","University of Wisconsin–Madison; University of Alberta","True","False","False","Hao Chen; Yunlin Fu; Mei Han; Xianlin Han; Hao Ling; Tao Huan; Lan Huang; Ming Huang; Qin Ji; Tao Jiang; Yong Jiang; Liang Li; Xiaorong Liang; Mamie Lih; Yanping Lin; Xiaowen Liu; Tao Liu; Yansheng Liu; Shuguang Ma; Junmin Peng; Yue Qi; Jun Qu; Wilson Z. Shou; Liangliang Sun; Mingxun Wang; Shuai Wang; Ronghu Wu; Si Wu; Xin Yan; Jun Yang; Weiming Yang; Zhibo Yang; Yang Yu; Hui Zhang; Hui Zhang; Shou‐Xun Zhao; Jiangjiang Zhu; Ying Zhu; Yinsheng Wang; Naidong Weng","1","keep"
"W4391361208","Genome sequence of a traditional medicinal edible fungus <i>Calvatia gigantea</i> CGMCC5.9","2024","0","Microbiology Resource Announcements","","False","False","False","Yanhua Shi; Jinxin Chu; Weiping Lin; Junjie Li; Dianhai Hou","0","drop"
"W4393285711","Profiling Human Cerebrospinal Fluid (CSF) Endogenous Peptidome in Alzheimer’s Disease","2024","0","Methods in molecular biology","University of Wisconsin–Madison","True","True","False","Danqing Wang; Zhengwei Chen","2","keep"
"W4393360109","The subcommissural organ regulates brain development via secreted peptides","2024","0","bioRxiv (Cold Spring Harbor Laboratory)","University of Wisconsin–Madison","True","False","False","Tingting Zhang; Daosheng Ai; Pingli Wei; Ying Xu; Zhanying Bi; Fengfei Ma; Fengzhi Li; Xing-jun Chen; Zhaohuan Zhang; Xiaoxiao Zou; Zongpei Guo; Yue Zhao; Jun-Liszt Li; Meng Ye; Ziyan Feng; Xinshuang Zhang; Lijun Zheng; Jie Yu; Chunli Li; Tianqi Tu; Hongkui Zeng; Jianfeng Lei; Hongqi Zhang; Tao Hong; Lı Zhang; Benyan Luo; Zhen Li; Chao Xing; Chenxi Jia; Wenzhi Sun; Woo‐Ping Ge","4","keep"
"W4400622095","Dye‐based recombinase‐aided amplification assay with enhanced sensitivity and specificity","2024","0","iLABMED","Henan Normal University","False","False","False","Zijin Zhao; Yanbo You; Shaowei Hua; Xinxin Shen; Xuejun Ma","0","drop"
"W4403284236","NEAT1 repression by MED12 creates chemosensitivity in p53 wild‐type breast cancer cells","2024","0","UNC Libraries","","False","False","False","Wei Xu; Wang, Yidan; Peng Liu; Junfeng Huang; Shengjie Zhang; Eui‐Jun Kim; Kristine Donahue; Xian Chen; Sean J. McIlwain; Ling Xie; Qinchuan Wang","6","drop"
"W4403884587","Recent Progress in Protein Stereochemical Modifications Revealed by Ion Mobility-Mass Spectrometry","2022","0","DOAJ (DOAJ: Directory of Open Access Journals)","University of Wisconsin–Madison","True","True","False","X. C. Xia; ZHU Zhi-jun; Gongyu Li","3","keep"
"W4405111493","Quantitative Endogenous Polyamine Analysis via Capillary Electrophoresis/Mass Spectrometry: Characterization and Practical Considerations","2024","0","Electrophoresis","University of Wisconsin–Madison","True","False","False","Cameron J. Kaminsky; Jericha Mill; Thomas J. Raife","3","keep"
"W4406801020","Absolute quantification of amine metabolites in human cerebrospinal fluid via MS1-centric isotopic N,N-dimethyl leucine (iDiLeu) labeling","2025","0","Analytical and Bioanalytical Chemistry","University of Wisconsin System; University of Wisconsin–Madison; Wisconsin Institutes for Discovery","True","False","False","Olga Riusech; Ling Hao","2","keep"
"W4409244905","MSIght: A Modular Platform for Improved Confidence in Global, Untargeted Mass Spectrometry Imaging Annotation","2025","0","Journal of Proteome Research","University of Wisconsin–Madison; NanoBio (United States)","True","False","False","Lauren Fields; Hannah N. Miles; Alexis Adrián; Elliot Patrenets; William A. Ricke","3","keep"
"W4410201608","Comprehensive Optimization Approach for Inherently Safer Design of Sustainable Distillation Systems in Zeotropic and Hazardous Multicomponent Separations","2025","0","Industrial & Engineering Chemistry Research","Dalian University of Technology","False","False","False","Haotian Ye; Xiong Zou; Jing Han; Hongguang Dong","0","drop"
"W4411265711","EndoGenius: Enabling comprehensive identification and quantitation of endogenous peptides","2025","0","bioRxiv (Cold Spring Harbor Laboratory)","University of Wisconsin–Madison","True","False","False","Lauren Fields; Tina C. Dang; Mitchell Gray; Satirtha Saha Protya","2","keep"
"W4411717680","Green Finance and Industrial Ecology: An Empirical Study Based on Prefecture-Level Cities in China","2025","0","SSRN Electronic Journal","Lanzhou University","False","False","False","Lili Wei; Fengjuan Kou","0","drop"
"W4412397898","Feeding state-specific hormonal tuning of neural circuit modulation","2025","0","Journal of Neurophysiology","University of Wisconsin–Madison","True","False","False","Logan J. Fickling; Aaron P. Cook; Wenxin Wu; Angel Erbey Ibarra; Michael P. Nusbaum","4","keep"
"W4413880111","Isotopic N,N-Dimethyl Leucine-Based Mass Spectrometric Quantification of Metabolites Following Copper Exposure","2025","0","Biomolecules","University of Wisconsin–Madison","True","False","False","Olga Riusech","1","keep"
"W4414251975","Measurement report: High contribution of N <sub>2</sub> O <sub>5</sub> uptake to particulate nitrate formation in NO <sub>2</sub> -limited urban areas","2025","0","","Institute of Urban Environment; University of Chinese Academy of Sciences","False","False","False","Ziyi Lin; Chuanyou Ying; Lingling Xu; Xiaoting Ji; Keran Zhang; Feng Zhang; Gaojie Chen; Chen Yang; Yuping Chen; Ziying Chen; Jinsheng Chen","0","drop"
"W4414487526","Increased expression of ATase1/NAT8B or ATase2/NAT8 in the mouse results in an autistic-like phenotype with altered dendritic branching and spine formation","2025","0","Molecular Psychiatry","University of Wisconsin–Madison","True","True","False","K. Balagangadharan; Haiyan Lu; Angelique Steenhagen; Qiping Dong; Mitchell Gray; Michael J. Rigby; Andreas Endresen; Qiang Chang; Luigi Puglielli","9","keep"
"W4415764726","Deciphering the three-dimensional biomolecular distribution in the Alzheimer's disease brain: A multiomic approach integrating immunohistochemistry with MALDI MS imaging","2025","0","Analytica Chimica Acta","University of Wisconsin–Madison","True","False","False","Kelly H. Lu; Hua Zhang; Gargey Yagnik; Mark J. Lim; Kenneth J. Rothschild; Wei Li; Wei Li; Andrew J. Schneider","2","keep"
"W4417117020","Tumor-Derived Polyamines Initiate Fat Wasting in Cancer Cachexia","2025","0","bioRxiv (Cold Spring Harbor Laboratory)","University of Wisconsin–Madison; Quantitative BioSciences","True","False","False","Matías Fabregat; Rachel J. Fenske; Julia K. Hansen; Cameron J. Kaminsky; Jevin Lortie; Alexander Nassar; Kaitlin A. Kressin; Annie Jen; Lucia Cilloni; Katherine Overmeyer; Caroline M. Alexander; John W. Garrett; Perry J. Pickhardt; Joshua J. Coon; Costas A. Lyssiotis; Marina Pasca di Magliano; Adam J. Kuchnia; Andrea Galmozzi","3","keep"
"W4417232957","Proteome-Wide Analysis and Surface Protein Isolation for Secretome Characterization Reveal Insights into the Biology of the Leaf-Cutter Ant <i>Acromyrmex echinatior</i>","2025","0","Analytical Chemistry","University of Wisconsin System; University of Wisconsin–Madison","True","False","False","Penghsuan Huang; Joseph A. Sardina; Haiyan Lu; Gaspar Bruner-Montero; Cameron R. Currie","4","keep"
"W7118003702","Integrated Structural and Glycoproteomic Profiling Reveals Protein Conformational Remodeling and Biomarkers Across Alzheimer’s Disease Progression","2026","0","ACS Central Science","University of Wisconsin–Madison; NanoBio (United States)","True","False","False","Haiyan Lu; Ching-Yuan Yang; Hua Zhang; Xudong Shi; Penghsuan Huang; Peng-Kai Liu; Zicong Wang; Sanjay Asthana; Cynthia Carlsson; Ozioma Okonkwo","7","keep"
"W7118203475","Efficient Preparation of Homogenous Antibody Conjugates via Glycosite‐Specific Transglycosylation Enabled by Readily Available Glycosyl Donors","2026","0","Angewandte Chemie","University of Wisconsin–Madison","True","False","False","Deqin Cai; Yuan Zhao; Gaoyuan Lu; C Li; Yichong Lao; Ramesh Mudududdla; Jiahao Zhang; Peijing Jia; Penghsuan Huang; Wenxin Wu; Thao‐Vy T. Nguyen; Xuhui Huang; Weiping Tang","4","keep"
"W7128506705","High-throughput simultaneous quantification of glycopeptides and phosphopeptides enabled by 12-plex DiLeu isobaric tags and dual-functional Titanium(IV)-IMAC material","2026","0","Analytica Chimica Acta","University of Wisconsin–Madison","True","False","False","Feixuan Wu; Danqing Wang; Dylan Nicholas Tabang; Peng-Kai Liu; Zicong Wang; Yuan Liu; Angelique Steenhagen; Luigi Puglielli","8","keep"
"W7138918752","Global Profiling of Post-Translationally Modified Crustacean Neuropeptidome Trends Affiliated with Feeding Activity","2026","0","Journal of the American Society for Mass Spectrometry","University of Wisconsin–Madison; NanoBio (United States)","True","False","False","Lauren Fields; Kendra G. Selby; Meghan M. Hayes; Paul Corsetti; Tong Gao","2","keep"
"W7151423960","Development and evolution of cell membrane chromatography-based analytical instruments","2026","0","Biomedical Instrumentation","University of Wisconsin–Madison","True","False","False","Yanni Lv; Fayuan Chen; Jinjin Wang; Shen Yang; Shengyu Zhou; Zhe Xu; Shengli Han","2","keep"
"W7160093323","Molecular insights into DDX3X–androgen receptor mRNA regulation via non-canonical G-quadruplex in castration-resistant prostate cancer","2026","0","Oncogene","University of Wisconsin–Madison; Wisconsin Institutes for Discovery","True","False","False","Han Zhang; Teresa T. Liu; Feixuan Wu; Avan N. Colah; Emily A. Ricke; Andrea Putnam; William A. Ricke","2","keep"
"W7160260080","Mass Spectrometry-Based Peptidomics for the Discovery and Profiling of Endogenous Peptides in Crustacean Hemolymph","2026","0","ACS Omega","University of Wisconsin–Madison; NanoBio (United States)","True","False","False","Tina C. Dang; Vu Ngoc Huong Tran; Satirtha Saha Protya; Margot Beaver; King Wai Yi","0","keep"
"W7160499998","Bridging genomes and peptidomes: hybrid sequencing reveals conserved bioactive peptides in crustaceans","2026","0","bioRxiv (Cold Spring Harbor Laboratory)","University of Wisconsin–Madison","True","False","False","Lauren Fields; Jiangrong Qin; Angel E. Ibarra; Kendra G. Selby; Tong Gao; Tina C. Dang; Haiyan Lu","3","keep"
"W7161761517","Decoding stereospecific metabolic regulation of protein modifications","2026","0","Nature Chemistry","University of Wisconsin System; University of Wisconsin–Madison; Wisconsin Institutes for Discovery","True","False","False","Shuling Xu; Zhijun Zhu","2","keep"
"W7161985605","Spatially resolved lipid compartmentalization in human pancreatic islets revealed by high-resolution ultra-low-flow-rate desorption electrospray ionization mass spectrometry imaging","2026","0","Analytical and Bioanalytical Chemistry","University of Wisconsin–Madison","True","False","False","이완조; Thao Duong; Zhang, Hua, 1967-; Deep Kapadia; Peter Chlebeck; Kelly H. Lu; Connie S. Chamberlain; Jon S. Odorico","2","keep"
"W7164369298","Neuropeptide Diversity Encoded in Newly Sequenced Crustacean Genomes Reveals Signaling Roles during Feeding","2026","0","ACS Chemical Neuroscience","University of Wisconsin System; University of Wisconsin–Madison; Highland Community College - Illinois; NanoBio (United States)","True","False","False","Lauren Fields; Vu Ngoc Huong Tran; Thao Duong; Tina C. Dang; Kendra G. Selby","3","keep"
"W7164741432","NeuropeptideDiversity Encoded in Newly SequencedCrustacean Genomes Reveals Signaling Roles during Feeding","2026","0","Figshare","","False","False","False","Lauren Fields; Vu Ngoc Huong Tran; Thao Duong; Tina C. Dang; Kendra G. Selby","3","drop"
"W7165140389","Matrix-assisted laser desorption/ionization imaging mass spectrometry","2026","0","Nature Reviews Methods Primers","University of Wisconsin–Madison; Wisconsin Institutes for Discovery","True","True","False","Jeffrey M. Spraggins; Amanda B. Hummon; Shane R. Ellis; Boone M. Prentice; Martina Marchetti‐Deschmann; Raf Van de Plas; Richard M. Caprioli","7","keep"
"W7168013848","Mass Spectrometric Analysis of Neuropeptides in Microdialysis Samples","2026","0","Neuromethods","University of Wisconsin–Madison","True","False","False","Vu Ngoc Huong Tran; Gaoyuan Lu; Thao Duong; Zachary Del Mundo","2","keep"
